sample,mask,label,defect_type,stratum,stratum_rank,selection_rule,image_sha256,mask_sha256
hazelnut/test/crack/000.png,hazelnut/ground_truth/crack/000_mask.png,1,crack,crack,1,all_test_images_lexical,e26b54282b6b11286760905ca2880af594561b606dfa0643859d6ee6027cf8c2,299566b57b84b9d466f4f7f50a8210e0bd0ff2a4ac5922f456d00cd9169cfbb4
hazelnut/test/crack/001.png,hazelnut/ground_truth/crack/001_mask.png,1,crack,crack,2,all_test_images_lexical,3657bc7f6776c1792dce241e76d3bd760bd780b026bf2e4f5c1d80ac102aa487,7cb4ed38c7ecc434e9aa70c2f552ba2eccdeb66a5fec4c3ef41a062f70c69d21
hazelnut/test/crack/002.png,hazelnut/ground_truth/crack/002_mask.png,1,crack,crack,3,all_test_images_lexical,c4cd667138b269fabe65fa39a6d68a85bfdf49f8a2c77f6f03c883cdc015dad4,1680655403c8336e65e65ec7f03ffc49f2a0690386a11873662836365490cd26
hazelnut/test/crack/003.png,hazelnut/ground_truth/crack/003_mask.png,1,crack,crack,4,all_test_images_lexical,f7b977c75b14eb2346a8959a40e544cb06540a046a17753ed94cec36cd38b4b0,bc4db713ee7d4118d741435e39145d84ef58f30ad628be639014e212d4f2eade
hazelnut/test/crack/004.png,hazelnut/ground_truth/crack/004_mask.png,1,crack,crack,5,all_test_images_lexical,15d9b0d004a7a77e6541b5d68c6fd12b45a8b12b43c017e87bd20d4fe0727bbf,cf0cb47ccb6285bfe50208f6e1439aa2f265151e24216211b520c1ee9b29fc6e
hazelnut/test/crack/005.png,hazelnut/ground_truth/crack/005_mask.png,1,crack,crack,6,all_test_images_lexical,3c262e7cbb0b1b81b6459d952353764f76b86e05119f3861c0076fac8f6a158b,3b6e823b437465968df406b3c859eea542cc79303dd4b83aa8d1e6bf0b4d7a1a
hazelnut/test/crack/006.png,hazelnut/ground_truth/crack/006_mask.png,1,crack,crack,7,all_test_images_lexical,d99a752e32e4f0cb208bc1707341aa505a9ad106d61d3745570f8469f401491a,84b8ed746be45030125ac3cb7a48eb9d5a3e15d699278fea938741088636e192
hazelnut/test/crack/007.png,hazelnut/ground_truth/crack/007_mask.png,1,crack,crack,8,all_test_images_lexical,8bb80045842147ab80609cf854df340d158d0db76770b80845e673596cfdeebf,f15c6e26c061dfdef9337310e4c1d1337fc8da435d4250914eb7cfcd838288d1
hazelnut/test/crack/008.png,hazelnut/ground_truth/crack/008_mask.png,1,crack,crack,9,all_test_images_lexical,482693e98866b23afed0c2ed3803d2dfa6dfdaf571ba0753558b1eb09ea75975,5a255745f0a585c21802949874d6c1349a88f25a22b965d75454fa495d124ffa
hazelnut/test/crack/009.png,hazelnut/ground_truth/crack/009_mask.png,1,crack,crack,10,all_test_images_lexical,c30d8b0a924b2859c2283a1b90ffc74f6eb5c76b64e312fe7c45fe5e28548df4,c32d0df33f876023e0a480302255cfd3d964fb33616c10427049e077f9fb2b6e
hazelnut/test/crack/010.png,hazelnut/ground_truth/crack/010_mask.png,1,crack,crack,11,all_test_images_lexical,39cadf02608a7a36041a2326c2a2c09dca5b0ccb44a7570bc71b70dee5bfdada,b3f5034afe3b2cd311582a2381a180e178e4c45f6f3637805ec284e0df8cb7b4
hazelnut/test/crack/011.png,hazelnut/ground_truth/crack/011_mask.png,1,crack,crack,12,all_test_images_lexical,c83d9f85a2c0cfbaa407b41bc667ca56e4c66274f3fc2d503be2e799a12f955e,220745c39f88c5a6b7034991ce23799fff882a8c27005b44767ef730b5236794
hazelnut/test/crack/012.png,hazelnut/ground_truth/crack/012_mask.png,1,crack,crack,13,all_test_images_lexical,0523483988a920ff336c3a239381b98bbf7b67afd53d6b5ba3e7aa5b7ca6fd6c,20e83cfde422f08dc4390b42a4d5e1363c1315f0ef93e1b045fa8beeef3344f1
hazelnut/test/crack/013.png,hazelnut/ground_truth/crack/013_mask.png,1,crack,crack,14,all_test_images_lexical,b65ef8c7eb689a6ee1b5dd1453b596369f46e78707d2de5dacc2f5a606ee8da4,216a0fe1192c702c5f1839d4572b2b32d1f3c01599d0d34cfcab1ded0462be76
hazelnut/test/crack/014.png,hazelnut/ground_truth/crack/014_mask.png,1,crack,crack,15,all_test_images_lexical,8535b7fec53c9777545c67a129d0c453bea664b54c8289d74ae09204b7d31524,b804a1ab69013dbcafa98e8e57a168a181f654ed4d15d79b2499f11a807de8c4
hazelnut/test/crack/015.png,hazelnut/ground_truth/crack/015_mask.png,1,crack,crack,16,all_test_images_lexical,92ed91cd6b819634f54ac722e70eb74694be294c8996f75ab46486a3b00f1804,99e354314f0cbbecc72547f2850d1dfcfc0a89a1c8f4ca3c37e04f8baf1277eb
hazelnut/test/crack/016.png,hazelnut/ground_truth/crack/016_mask.png,1,crack,crack,17,all_test_images_lexical,b6b1b6800ed113d8f90ce11156b7c68e1cfef28ad056c7987507bf1575510ef6,06773f5a5c65c3b2595616ea429c5b97e1e15222aaafd5913907acc48b601464
hazelnut/test/crack/017.png,hazelnut/ground_truth/crack/017_mask.png,1,crack,crack,18,all_test_images_lexical,44793a32ecfdc2d92a644ccf3ef9b63cc7233882e5b592fd66dfeacc969ea078,bbd7e41c5d395ee56ee926e7f467864c2485f39d8991df1f10bec79ebddaad52
hazelnut/test/cut/000.png,hazelnut/ground_truth/cut/000_mask.png,1,cut,cut,1,all_test_images_lexical,901bf3b3ddef6e7d3592b00cfd0f5c512b745ef61e7837ed4e283da2f99c1b8a,5dc3b2dc619d9e0d15fed32cf39b3bc8b2ba425964a00e947745c632ccf73c5b
hazelnut/test/cut/001.png,hazelnut/ground_truth/cut/001_mask.png,1,cut,cut,2,all_test_images_lexical,f287622343bc86f5a02a683c570489324954f2a8378831dc2db7f4f9cd21370a,5a63e80062824c31b8d446c71b03323686c8730c6629f888af22342883f31f47
hazelnut/test/cut/002.png,hazelnut/ground_truth/cut/002_mask.png,1,cut,cut,3,all_test_images_lexical,9df68a470e5a216e39959bcd4b801ddf52bf16abbcb689dde896c1d4931dd6d7,535dd55cd8b0bd6345ebf5d7f72615d8b1e853af209e386f1bd83d451eeeb27f
hazelnut/test/cut/003.png,hazelnut/ground_truth/cut/003_mask.png,1,cut,cut,4,all_test_images_lexical,84301659e7f9358c3d1f79b5dd3561ddcf4d2c72e99399bb20961ef7ce7e31c2,01d5e260a864dad4ef1c1328911d4c50fe601f0bae4317e51a7c7e0b82573f79
hazelnut/test/cut/004.png,hazelnut/ground_truth/cut/004_mask.png,1,cut,cut,5,all_test_images_lexical,17ce5e1567a61b4a64211d3b7177e9327ed6b15911b680fea67970c342088ea6,49e79fa7c60de137ed3f4d9334fb3bc2e94b9b2a4c06b68ddfb783c37211e517
hazelnut/test/cut/005.png,hazelnut/ground_truth/cut/005_mask.png,1,cut,cut,6,all_test_images_lexical,e688f79a31cb4ca616dc6bf4306d00f8e80bff8be198d6d6799999806f562579,fde0ce9061c478fc159005d7e294ec6b9586ee488347c32cc494865bffecac72
hazelnut/test/cut/006.png,hazelnut/ground_truth/cut/006_mask.png,1,cut,cut,7,all_test_images_lexical,6981dd3f4e7132597fb222badc37d044fbdf341a202227c08465fea8e771ac9a,72343ee4bb1a94353a96cb650af2a91148be1db2ecc4e45269b92e981a4d5207
hazelnut/test/cut/007.png,hazelnut/ground_truth/cut/007_mask.png,1,cut,cut,8,all_test_images_lexical,20eca651c9ade6a083a19363ab2652155780bf90d5d7df0544b82bb91c2239af,a16b4e72b294bd78a47581e067caec2bcbdaf0d4a43e2ad1532e47e34d01bf88
hazelnut/test/cut/008.png,hazelnut/ground_truth/cut/008_mask.png,1,cut,cut,9,all_test_images_lexical,0b4b2d8aabff2f4c1f86b23eba0e05b9b1170028ffdb02658348529c9a37bff0,b5de89b9779662889e15e956ffa8f0752979d40a702b8b829a6910af421e1a77
hazelnut/test/cut/009.png,hazelnut/ground_truth/cut/009_mask.png,1,cut,cut,10,all_test_images_lexical,bd80153a630db3ed040a98ce8bd76e033524e0f42cc6cbf556e886bcd2611ab4,bd184aa41450d99773238913b6a79694348a6f767bdd4b1d1e589a77ddbec5b9
hazelnut/test/cut/010.png,hazelnut/ground_truth/cut/010_mask.png,1,cut,cut,11,all_test_images_lexical,545d0da1696010ed9356f530f329788d198ba9c5abc9f0bd0421e5eceef51d63,ccc3721c61c995af0cb9b577c4753137a814bcc20fd163efedf06783edfb5676
hazelnut/test/cut/011.png,hazelnut/ground_truth/cut/011_mask.png,1,cut,cut,12,all_test_images_lexical,1037c78b6d9f7b4c13de615984014c87678ee452ab8e7503ffc2934b90c98fdd,c11a63f9de09f9bd9f2c3578a9a73439f1de22f84aef815732ebe7306bb6d18e
hazelnut/test/cut/012.png,hazelnut/ground_truth/cut/012_mask.png,1,cut,cut,13,all_test_images_lexical,cd5d45c2c2a12aa99dac4e084a91fa21948238f660a70578dd28c34f5bb7325c,991518f8bbdf7b99e26cff88ad956ef90b3601ebff75d7c3303bcf1e7eff8385
hazelnut/test/cut/013.png,hazelnut/ground_truth/cut/013_mask.png,1,cut,cut,14,all_test_images_lexical,d559e360bdf07cf62e59a74137eb79b3df601d80ddf9df0658fe96a695dd0ef0,2748322275f75122184c7cbd1635909e1cf8a1b38393efdfa29dc9f9074761e7
hazelnut/test/cut/014.png,hazelnut/ground_truth/cut/014_mask.png,1,cut,cut,15,all_test_images_lexical,746d815ce8bf70929be5817db9676f1d5f0f060d19aedef85982a04ffb593be5,8da00e97e2509279744e15dd794972e49687f43a2966a5e546114f7773b0c5cb
hazelnut/test/cut/015.png,hazelnut/ground_truth/cut/015_mask.png,1,cut,cut,16,all_test_images_lexical,c5de29e7ab272d7b653df85cbb139574243837e7a8665cb00fc97503cb1dff23,f7eed21322c53c98efff1f68cac15b4d34521e0500595608beb3f3ac3e8469ce
hazelnut/test/cut/016.png,hazelnut/ground_truth/cut/016_mask.png,1,cut,cut,17,all_test_images_lexical,5db56fd188862556d9dd8337e1a563efe1154bef08f63372e1b38cc756ebcfe1,1a85b4486469aafe07cf33f921f3eb1d63274bfc137985288476a288d1d99db7
hazelnut/test/good/000.png,,0,good,normal,1,all_test_images_lexical,32034b75a2dca53cff86c4833e00a25cd65939859820e96ce9b980359cb08955,
hazelnut/test/good/001.png,,0,good,normal,2,all_test_images_lexical,5066bb0a11ad23541c2aab3fd9ee3861726bd9c3f48dd291f916118b09f39973,
hazelnut/test/good/002.png,,0,good,normal,3,all_test_images_lexical,4d3e5e7159a2b3aaa5a90611122efef65f93d521132a7796159e9cd960619ce8,
hazelnut/test/good/003.png,,0,good,normal,4,all_test_images_lexical,a1d0915587523d7d3ed52273c89f5afb2e74bbd3b2b872c08fd4ac6c6741beb0,
hazelnut/test/good/004.png,,0,good,normal,5,all_test_images_lexical,16df20526a2715f8690001f9ef5eb1f615721260a08feadfc1d3bfde42d60e0b,
hazelnut/test/good/005.png,,0,good,normal,6,all_test_images_lexical,79d966e719a6a88b12e3b07c8e339af879e1659dd5fb64c39438355ba787dad7,
hazelnut/test/good/006.png,,0,good,normal,7,all_test_images_lexical,c925291385ea6400a6c13adf3cfd83aa607c9a7fb96c0eb7a48d3d1cf84a1280,
hazelnut/test/good/007.png,,0,good,normal,8,all_test_images_lexical,6573308fcaa3f6a8a0e68d6cff702b5aeb3f0bf83bde1fb53d78b63ff765aea6,
hazelnut/test/good/008.png,,0,good,normal,9,all_test_images_lexical,d2d80825dd99d8f06113fd609048752e228e42f8236a36030914aa3be44f3d89,
hazelnut/test/good/009.png,,0,good,normal,10,all_test_images_lexical,b24311ccbbb97c9affb9c4d2029f44141182d4413589d8bb55d025bbdb0e46a8,
hazelnut/test/good/010.png,,0,good,normal,11,all_test_images_lexical,b7299fd3b5f3791ed98fa5a54a55ee1471b7dd54b56b903a0309246f973c3163,
hazelnut/test/good/011.png,,0,good,normal,12,all_test_images_lexical,1f894dfe85923cb67e2fe1407dded8d1481c25e21f31dba959eee2f22a4669c5,
hazelnut/test/good/012.png,,0,good,normal,13,all_test_images_lexical,cd762b359ee068d9a9f2585a17a879b91f8cc5340c18662606bb5f15f9e8a03c,
hazelnut/test/good/013.png,,0,good,normal,14,all_test_images_lexical,c375c88bedafc858fb65787203feaf6e866cbfce45485a5106b2298383fab1be,
hazelnut/test/good/014.png,,0,good,normal,15,all_test_images_lexical,8290043352683dd73d7b041758dec14cd2243a139a11566a4305a80f42ef6e8f,
hazelnut/test/good/015.png,,0,good,normal,16,all_test_images_lexical,f8f9a873271ec19e4cd81ef26efba8482ba59486b21277f24c88e83f893727f7,
hazelnut/test/good/016.png,,0,good,normal,17,all_test_images_lexical,75d4e637105b57120d4da9e6c990f36c69795a6ca2b55f45b14492b804f871c5,
hazelnut/test/good/017.png,,0,good,normal,18,all_test_images_lexical,a4796df884a02267ae914341524dad5f69ae3df162831c6115c04105e8f4835a,
hazelnut/test/good/018.png,,0,good,normal,19,all_test_images_lexical,d654cba6242727a51e12b09fa95e4d46bf671d2e5eaf63d24781bd1c3e12f8a2,
hazelnut/test/good/019.png,,0,good,normal,20,all_test_images_lexical,227b05a1f8fdb1080b5d98651dfb2272a3c48faba615af33f7622bae6b6821df,
hazelnut/test/good/020.png,,0,good,normal,21,all_test_images_lexical,cc2a9bf85ba8cbc57fc2fffa7799275bceaa45bbbe85862717c0eb2a6af3ebd8,
hazelnut/test/good/021.png,,0,good,normal,22,all_test_images_lexical,360292b312083afae646bfd5b90d529467716a79b2c498867bd61736a84bacd7,
hazelnut/test/good/022.png,,0,good,normal,23,all_test_images_lexical,fb82dc2d7c8acb9ac3bba01a33636d613af983c8323cb957b06cbd57c97d26f5,
hazelnut/test/good/023.png,,0,good,normal,24,all_test_images_lexical,063da7197aaa13d7063263e7f76f955000d1404239d41f0093911caa37ad77ce,
hazelnut/test/good/024.png,,0,good,normal,25,all_test_images_lexical,740633d252f69d5777b74780c7d8bfd9d3902664fb71866ffc9a10fac99043b4,
hazelnut/test/good/025.png,,0,good,normal,26,all_test_images_lexical,553c1783f0f2af3c92c92ca8c661f32d5c4d87fc6a1141bf4b319bcdcdd959a1,
hazelnut/test/good/026.png,,0,good,normal,27,all_test_images_lexical,25323d78e8573815f6e6d0db9f52d098dbf8c008d73765ecb5cd65567a4ef039,
hazelnut/test/good/027.png,,0,good,normal,28,all_test_images_lexical,2ba503049ed3fd2b167baf8800e6a9a6343a64d166e61919017f44700c5a6baa,
hazelnut/test/good/028.png,,0,good,normal,29,all_test_images_lexical,a14d34540fbcaa4fabd992095bf3e6a409599af1ec815d380e0db0b460011797,
hazelnut/test/good/029.png,,0,good,normal,30,all_test_images_lexical,ddf71dee2f4a0ebb089f4cc9f6f8180862ba521ffdcbc106afd2505ac1147778,
hazelnut/test/good/030.png,,0,good,normal,31,all_test_images_lexical,40f7699e11204a0574ff9ab8a89865e25688012efd0132316a8e1266e293eeca,
hazelnut/test/good/031.png,,0,good,normal,32,all_test_images_lexical,55a338a32729460de040ca0a64537c9c3f858ab7ffde5ba9ff3b7feb1ab07a68,
hazelnut/test/good/032.png,,0,good,normal,33,all_test_images_lexical,c67c946d6a9def8c202db17de36e29a953e6f96cf03b9983c28226eacea87c33,
hazelnut/test/good/033.png,,0,good,normal,34,all_test_images_lexical,9c15195c7529c58b15b7837a6754cf31a93b18c57809470ebbf0f5629fe506ed,
hazelnut/test/good/034.png,,0,good,normal,35,all_test_images_lexical,48a9d7013fe4e9173086637a26fad71ca464aee5560643208b80fe7912f5d3ff,
hazelnut/test/good/035.png,,0,good,normal,36,all_test_images_lexical,9c533d00e2a41e2caf1f927a0fc396bf20c0d1a108a54311a5e0e557c4bda996,
hazelnut/test/good/036.png,,0,good,normal,37,all_test_images_lexical,b43f505ce5d9eeb49ad6259fa1612334b821449b7600c11f99dce3528d36397b,
hazelnut/test/good/037.png,,0,good,normal,38,all_test_images_lexical,8e8d0325def289aa068df8d4d7eb5d273eaf09c0b692102e5ca6f7a3c5ec1564,
hazelnut/test/good/038.png,,0,good,normal,39,all_test_images_lexical,5765729be23b87defdf2a5ada95846b4305d16f247745af60e69ddde06f1696b,
hazelnut/test/good/039.png,,0,good,normal,40,all_test_images_lexical,b9f5706a22b7939cba299fbbae211afc8682b754836aeb6ce40bdb28d76c8f22,
hazelnut/test/hole/000.png,hazelnut/ground_truth/hole/000_mask.png,1,hole,hole,1,all_test_images_lexical,b9a1a102db263079fec8bc9836f182253dced9ca178957b7e9bef05cba3312c2,0db752dd6620c7c7493fe8b150e2a706d4c851a15a27c919e545552850e85018
hazelnut/test/hole/001.png,hazelnut/ground_truth/hole/001_mask.png,1,hole,hole,2,all_test_images_lexical,c3aa706e84d7b0b894755b106c3b9a04f18c48daa0819cf616ade2c1b969252e,08bfd26ceebe16308e9997fb7aa3dbc41718403f5aa32adac432680668b0424f
hazelnut/test/hole/002.png,hazelnut/ground_truth/hole/002_mask.png,1,hole,hole,3,all_test_images_lexical,0a5ebcb92c384c3c2c3fa69305603d856c67516a4235d77c66ecea6d7e8a552d,48de7d4bc85e6a17edf7943db51e1759fcf18a24766172f48ab0a4a1bfd10bc2
hazelnut/test/hole/003.png,hazelnut/ground_truth/hole/003_mask.png,1,hole,hole,4,all_test_images_lexical,4d241bd420abbc3b39c2df3b4815416390363a52994dd871410246a92ef546b5,e8458e08c9c203e717e0b16a34ee81447aa2b3f93cfc87816669b65b3c4abb24
hazelnut/test/hole/004.png,hazelnut/ground_truth/hole/004_mask.png,1,hole,hole,5,all_test_images_lexical,a635da4283143f12a0e6b4e8240281b4434241c4045ffad5d89a4479793e0559,5b59342817e5b39c75cc64025cd3ac3d3b3b18c4c80e28847006c63d158475ac
hazelnut/test/hole/005.png,hazelnut/ground_truth/hole/005_mask.png,1,hole,hole,6,all_test_images_lexical,0d64b5a8b175531ace4719719436b91686115b84f6b299eeae854db2b00c863f,f865dc7054b7795196d774bf2ccdf35cd5b41cadbd515bdf10ba20200202a595
hazelnut/test/hole/006.png,hazelnut/ground_truth/hole/006_mask.png,1,hole,hole,7,all_test_images_lexical,dfb46612d76c1134bd6481d85afb2e95ab104d9a3f1b9a761ec34f9e454dd10b,1d010af996bf59c7b6775fa3e0ad4f4e116c3b3f4b168ec2c557b1a321aecb54
hazelnut/test/hole/007.png,hazelnut/ground_truth/hole/007_mask.png,1,hole,hole,8,all_test_images_lexical,23152b06124706ff3eb8cb1fc83d82d16b44ccec373d76c381fcc0b79f4b09cd,a5f7fe44c7bfcb97cbf253ed767bdd479dcc3df0e9f39ef70af39df112c2b484
hazelnut/test/hole/008.png,hazelnut/ground_truth/hole/008_mask.png,1,hole,hole,9,all_test_images_lexical,933ecda17811db8cb701134dcf8bcfebfcfc8c3f607c7990af3d7d1a81bb1d06,0d79e0ef0cdfeb1061b23b51e3b566b2dd7a59748aa43a76d154c3fc02f4d93a
hazelnut/test/hole/009.png,hazelnut/ground_truth/hole/009_mask.png,1,hole,hole,10,all_test_images_lexical,2d9d8165044fb8c2b3ba9cbe7f5abfda5794ad9bae517610afb419f09f530477,5689b6dd9a0d3cc2ca024c749e47f4d346635b8c1987f1ba6dd991f225960828
hazelnut/test/hole/010.png,hazelnut/ground_truth/hole/010_mask.png,1,hole,hole,11,all_test_images_lexical,b0db81b6c3b05ca4e62383b2a827d35aa488a187a563828a56ea68778f64f35f,ee52ac561c00ba99e05678d3a2764ed0c2eef85c99f361d4621539c9ea009fd3
hazelnut/test/hole/011.png,hazelnut/ground_truth/hole/011_mask.png,1,hole,hole,12,all_test_images_lexical,cb0185418d152ea6626d41039ad5c78714dcb9e68a2da3726cbac239ebd8029a,66f4d9934e9a2718c9399b94a8b0e39d37f2b59dcf1e44d462bb75df7072a8c3
hazelnut/test/hole/012.png,hazelnut/ground_truth/hole/012_mask.png,1,hole,hole,13,all_test_images_lexical,0d98b4a5ec6124cbe3c1625d1c072e8e876f9ab1e8fa1fc9b3370ad6f3384f84,e77fc67fac5e560541dff9c571309cfbd2891af8c95e7c26ffcc3e4f9e87600c
hazelnut/test/hole/013.png,hazelnut/ground_truth/hole/013_mask.png,1,hole,hole,14,all_test_images_lexical,1c65854d6ee8dc848e7efbc9c0dae9ff4a98b46875d38e6c589c3e1ac7897e59,6f21453ad80b4f93af8b528e128108131dc57855007504a96cccbf95c8f9caa0
hazelnut/test/hole/014.png,hazelnut/ground_truth/hole/014_mask.png,1,hole,hole,15,all_test_images_lexical,15ee1d4ff9a8b09534ddaf53c85272f06352e22f2bbf96c532073da9acb96be0,502082b2ba2c9bc8dd7aaf357f99d90fe309c53f7db33e56351d9ed19081d02d
hazelnut/test/hole/015.png,hazelnut/ground_truth/hole/015_mask.png,1,hole,hole,16,all_test_images_lexical,e696b26ee88718c84d967e98c53684f8056c6241997d931b1bb614a83b7fcac5,8e099ca633628231112b1a55f4f2a85cf5651c4bb6f20f6772d422d97ac01807
hazelnut/test/hole/016.png,hazelnut/ground_truth/hole/016_mask.png,1,hole,hole,17,all_test_images_lexical,dd9c54842b3e519a6c1e629ac34fdbb3ffe4a3e4016f41cc9d2187f785758500,940f62e09295d17ef5333c1bf8e9701b9d1c6865bb5c0abe7ae27acf8cc1e389
hazelnut/test/hole/017.png,hazelnut/ground_truth/hole/017_mask.png,1,hole,hole,18,all_test_images_lexical,2d41679785fe5b96cb59eeab6ddae326896fa6cd39f169063e3c62c905c0de2c,846d970c88524ccdd24fa9a18bb7176cb1a8f5ec435821366c92dbb48099bdf9
hazelnut/test/print/000.png,hazelnut/ground_truth/print/000_mask.png,1,print,print,1,all_test_images_lexical,63245ac91c1f83c97e081bbcfde5bb9751b008a994c201d9f18dcd6db3552c87,2ad368e89aa0f9e28dd3df9a5581ab9815916447abbb5e13ee0405f666057870
hazelnut/test/print/001.png,hazelnut/ground_truth/print/001_mask.png,1,print,print,2,all_test_images_lexical,c49146f7142420c920735df5b4231a8cac3dc82393769ea9017360ead5d2804a,3e1c4acb817128a80ccf6da6b731a7160662e179e5a92e4289dea609abc69845
hazelnut/test/print/002.png,hazelnut/ground_truth/print/002_mask.png,1,print,print,3,all_test_images_lexical,fbc640ee5beb6c36fb3097f059c3033838025b96c5924eaebbb3ef899cb27c94,7db1e455e5689ed7243d070d9be9f84fe4eb6434dfa20983d8f4a172b7bdbd57
hazelnut/test/print/003.png,hazelnut/ground_truth/print/003_mask.png,1,print,print,4,all_test_images_lexical,be6e4cbb2d5168627fd643c1d7c5e5901b3906178ff3999e9b719f350d41661c,d853d33f1c344938b7c5b5456c3a8749972b3e0fed3427c80e92fdce62713d8a
hazelnut/test/print/004.png,hazelnut/ground_truth/print/004_mask.png,1,print,print,5,all_test_images_lexical,362da9e7e778f0d495caff2e1c4f9f26db50ae91f9a1694f00035e2494c57a51,2ced39510d0d574d8a178ca80ef7fb406b9a289ab93bbe95365fd87bfb278dd6
hazelnut/test/print/005.png,hazelnut/ground_truth/print/005_mask.png,1,print,print,6,all_test_images_lexical,e51fb3537a5c534276cc7ad6e76f67320ec7704c0a1e2ea9d468e3276cf727d1,a73ad2829bfbc87f90d51f4b6031148d3d92d7367d94eedad3684d27365ea086
hazelnut/test/print/006.png,hazelnut/ground_truth/print/006_mask.png,1,print,print,7,all_test_images_lexical,70f237247205aa6d1e9078d0cd7cd80edbfaf444e7140dc41152b50ee040a5e2,4e8fee80f9083c58f0c57d4ad39d3e8a4d1ce082da645f69ab03824572ac00c8
hazelnut/test/print/007.png,hazelnut/ground_truth/print/007_mask.png,1,print,print,8,all_test_images_lexical,06b9863b7c08161e8a90a7f33c4b42557ae37976b9498ff179a296247559e61c,7ed6c12239d9c08b4849c8f8bd138b6e5a46668267e5fbcdeaadcb12d72c11c3
hazelnut/test/print/008.png,hazelnut/ground_truth/print/008_mask.png,1,print,print,9,all_test_images_lexical,d857c8ec69e16b6cf78ea2a337af2830ef3b34d85f205a43ded32b318b942e30,313b5f6c82ff5d9efde119f2b6ae54d452d51c3ab9d035a1a817cde5e51f6c17
hazelnut/test/print/009.png,hazelnut/ground_truth/print/009_mask.png,1,print,print,10,all_test_images_lexical,63f127c32781ab7e0b7ddea58e2e6a379bc086d40bd8f7d0437dc11ea95c578e,515d4b575094ec81a62e23bd365afc622bd210531c9f37863e3e36adb2fc43f2
hazelnut/test/print/010.png,hazelnut/ground_truth/print/010_mask.png,1,print,print,11,all_test_images_lexical,8ea4b699d7ebf6be3fcf48179c6b422c136e1dd1f7cc84960c5355bb98a6d1cd,f5933dffa18a3541423f5d9df89eb973478e3b279f717ddd3f5ee775d8b74f57
hazelnut/test/print/011.png,hazelnut/ground_truth/print/011_mask.png,1,print,print,12,all_test_images_lexical,0d619f50ac313bccf29aafb9b43a7c6ed188403193611742705aeed7887bd6c0,1ea8506ed6a1d1bad891e416cadc16a542c6d2896ccb3e2446d52bb6c36e9a95
hazelnut/test/print/012.png,hazelnut/ground_truth/print/012_mask.png,1,print,print,13,all_test_images_lexical,3a8fdf5d712e7c5621946292e16e39074e79128b75e135b3fb4478ae24ac289f,54cde5052d710d1762af837945ae56d339387002d4565c88c3bbcb7bd45a6a94
hazelnut/test/print/013.png,hazelnut/ground_truth/print/013_mask.png,1,print,print,14,all_test_images_lexical,6a5092f0c3731906207f714b981981eec63603c46c982e426ea725d697344fe4,b9a0099688e5c29b2f0da9cedd233604b31a90df175e03123d6ece53483b34ea
hazelnut/test/print/014.png,hazelnut/ground_truth/print/014_mask.png,1,print,print,15,all_test_images_lexical,e039ec6e3d173af70c280f12cc72946aa37077d6235d03a71ccf143830935d51,eefc4ea68f79275f1b528c7de42b5ea6d61f8a53a0e16a2023bc6abe9a0de8e5
hazelnut/test/print/015.png,hazelnut/ground_truth/print/015_mask.png,1,print,print,16,all_test_images_lexical,9ebfb599870e807051d2e30d9077acc164410bcd4c37ef8053c0795c366ed75c,9dd8f75269dde493dd3c85c5936bf204b701c41df6eed9ed223eee3e31b82195
hazelnut/test/print/016.png,hazelnut/ground_truth/print/016_mask.png,1,print,print,17,all_test_images_lexical,28ab7f2661418f50be7788742993cae18a65d17548ee8699decd47fe814a9835,a16018542da12953cf792897792564ca293414e800ee92ce2bd4beaa41623e4c
