sample,defect_type,alpha,per_image_aupro,delta_aupro_vs_bicubic,roi_bg_gap,delta_gap_vs_bicubic,regression_type
hazelnut/test/crack/000.png,crack,0.0,0.194949710574227,-0.000159022478702614,2.6267060987207085,0.13582402775125946,geometry_candidate
hazelnut/test/crack/001.png,crack,0.0,0.961347726762122,-0.021141868952294307,2.5755382816386674,0.16486479359624573,geometry_candidate
hazelnut/test/crack/002.png,crack,0.0,0.42245803617786915,-0.02737356919277495,1.3997648080362697,0.38433332906620277,geometry_candidate
hazelnut/test/crack/003.png,crack,0.0,0.8960178355196388,0.055189219489300334,1.6975368660080714,0.31773695560047344,improvement_or_tie
hazelnut/test/crack/004.png,crack,0.0,0.9896909085084593,-0.00028672867366408283,2.260512274857569,0.5109729341892422,geometry_candidate
hazelnut/test/crack/005.png,crack,0.0,0.9070889236672399,0.061027965302644094,1.8750591027228771,0.45099527911948933,improvement_or_tie
hazelnut/test/crack/006.png,crack,0.0,0.6940994017145902,0.1960663597696946,2.4372015018837256,0.5257523633227685,improvement_or_tie
hazelnut/test/crack/007.png,crack,0.0,0.8140888607718361,0.0012106945153601556,2.050376067169357,0.3464434889577799,improvement_or_tie
hazelnut/test/crack/008.png,crack,0.0,0.9927469437906599,0.004473353022498294,3.000373962754587,0.5885404808936974,improvement_or_tie
hazelnut/test/crack/009.png,crack,0.0,0.9300975143036524,-0.012614142548126095,2.4436901523224552,0.3439861693162891,geometry_candidate
hazelnut/test/crack/010.png,crack,0.0,0.8897249919318037,0.01427913197365216,2.076686815955531,0.20690166859678083,improvement_or_tie
hazelnut/test/crack/011.png,crack,0.0,0.9400727439720454,-0.004302554541002812,2.540126802370404,0.2923154820622029,geometry_candidate
hazelnut/test/crack/012.png,crack,0.0,0.30368890003411253,0.10277512233467359,1.8084878339341537,0.33055142274181226,improvement_or_tie
hazelnut/test/crack/013.png,crack,0.0,0.8240064461076141,-0.07908010850915881,1.73862861831061,0.4612812908334618,geometry_candidate
hazelnut/test/crack/014.png,crack,0.0,0.9968828308421668,0.007740961757701004,2.1452649234707497,0.6579308163676181,improvement_or_tie
hazelnut/test/crack/015.png,crack,0.0,0.6050026374387864,-0.03923510720611312,2.2664255937773596,0.4659207750539003,geometry_candidate
hazelnut/test/crack/016.png,crack,0.0,0.8789721999584945,0.06274634364960696,1.5335498344471188,0.12761126132832978,improvement_or_tie
hazelnut/test/crack/017.png,crack,0.0,0.9293496517363927,-0.02235152517301331,2.161805380508526,0.22787795004483313,geometry_candidate
hazelnut/test/cut/000.png,cut,0.0,0.9866759507081108,-0.004475863090164678,2.258980356156197,0.23555020656559078,geometry_candidate
hazelnut/test/cut/001.png,cut,0.0,0.9550057306180875,0.05606570807437983,1.7170841577252045,0.4005561032145437,improvement_or_tie
hazelnut/test/cut/002.png,cut,0.0,0.9922532813503693,0.005713968986401419,2.399380480742113,0.4148650829104279,improvement_or_tie
hazelnut/test/cut/003.png,cut,0.0,0.9741694220369584,0.10876672341800298,2.1558210908257713,0.9948083269602503,improvement_or_tie
hazelnut/test/cut/004.png,cut,0.0,0.9507100731839956,0.048686907272583735,2.0537431486299322,0.6355883620233906,improvement_or_tie
hazelnut/test/cut/005.png,cut,0.0,0.9836808394272977,0.0033662981965397742,2.51384279229495,0.7658705583085623,improvement_or_tie
hazelnut/test/cut/006.png,cut,0.0,0.941651369077921,0.03508353926006713,1.822493746165482,0.4120540682967484,improvement_or_tie
hazelnut/test/cut/007.png,cut,0.0,0.9862810535543126,0.0007559745614560409,2.314703380846852,0.3718157561495261,improvement_or_tie
hazelnut/test/cut/008.png,cut,0.0,0.8366946830993898,0.06544036190178626,1.931416194578906,0.5200942055682403,improvement_or_tie
hazelnut/test/cut/009.png,cut,0.0,0.9869460765559981,-0.0029985744140764714,2.0358255914613115,0.2436102599002392,geometry_candidate
hazelnut/test/cut/010.png,cut,0.0,0.9832826994395838,-0.007566780937113271,2.359416405087979,0.3847703056175307,geometry_candidate
hazelnut/test/cut/011.png,cut,0.0,0.9833952501763012,-0.007923970721091744,2.658813613272197,0.8336109338576994,geometry_candidate
hazelnut/test/cut/012.png,cut,0.0,0.9797205319499216,-0.005603980721188506,2.2281408548614445,0.321350386799218,geometry_candidate
hazelnut/test/cut/013.png,cut,0.0,0.8502672410010281,0.01834215638224812,2.4020327078438437,0.431896430102896,improvement_or_tie
hazelnut/test/cut/014.png,cut,0.0,0.973412952861764,0.020503047622110082,1.6467594405323243,0.17625709013671575,improvement_or_tie
hazelnut/test/cut/015.png,cut,0.0,0.9868380521355132,0.006255313061922285,2.4895071044063752,0.35326048221448847,improvement_or_tie
hazelnut/test/cut/016.png,cut,0.0,0.988425995057667,0.005387221396135566,2.02413331552767,0.3175682617927569,improvement_or_tie
hazelnut/test/hole/000.png,hole,0.0,0.9876157658114867,0.0007944078594699366,3.1676915900504343,0.3426739725801031,improvement_or_tie
hazelnut/test/hole/001.png,hole,0.0,0.9979816750207637,0.0012814219693327855,3.4811503591475854,0.5865684295913765,improvement_or_tie
hazelnut/test/hole/002.png,hole,0.0,0.9945022898101074,0.00036025196420197414,3.7546519543380406,0.00031762835465221073,improvement_or_tie
hazelnut/test/hole/003.png,hole,0.0,0.976282937020052,0.00712559525409906,3.8902510501540744,0.49827565874463486,improvement_or_tie
hazelnut/test/hole/004.png,hole,0.0,0.9941587503435145,-0.0005504887928627911,3.3357352455372324,0.32646159955883025,geometry_candidate
hazelnut/test/hole/005.png,hole,0.0,0.9961576506750305,-0.002626807063588532,2.760580851935789,0.25774244842973726,geometry_candidate
hazelnut/test/hole/006.png,hole,0.0,0.7030967292473613,0.14637596528317898,2.542825373782155,0.07106295204495083,improvement_or_tie
hazelnut/test/hole/007.png,hole,0.0,0.9958114403332016,-0.0005567503037138266,4.871545655414848,1.7231495206565017,geometry_candidate
hazelnut/test/hole/008.png,hole,0.0,0.9873766567713849,-0.001184195818581757,2.596645715491513,0.19041182226935316,geometry_candidate
hazelnut/test/hole/009.png,hole,0.0,0.9926108362920837,-0.0020949001398712364,3.2460696339632347,0.20882693904849203,geometry_candidate
hazelnut/test/hole/010.png,hole,0.0,0.9353867086597872,0.011374609796329205,2.8750485711342706,0.07244537603262602,improvement_or_tie
hazelnut/test/hole/011.png,hole,0.0,0.5436886141116164,-0.0029859651634719375,2.823845437841963,0.23616187041611658,geometry_candidate
hazelnut/test/hole/012.png,hole,0.0,0.9701229541314351,-0.0005295500191596636,2.917033418893185,0.036067887049203495,geometry_candidate
hazelnut/test/hole/013.png,hole,0.0,0.9881068840186312,0.0024152353004871507,2.7934994500752826,0.5236480934789141,improvement_or_tie
hazelnut/test/hole/014.png,hole,0.0,0.8896573451681461,-0.009504941500884878,2.3534219783096346,-0.05114561372803239,suppression
hazelnut/test/hole/015.png,hole,0.0,0.9969500474300518,-0.001280512598301753,3.2590865719707107,0.4582446356960346,geometry_candidate
hazelnut/test/hole/016.png,hole,0.0,0.9289037206916072,0.004971389482978372,2.032145815310963,0.0510454567991907,improvement_or_tie
hazelnut/test/hole/017.png,hole,0.0,0.8784260504856944,-0.006994792734172917,3.1067425179316523,0.6342964835541451,geometry_candidate
hazelnut/test/print/000.png,print,0.0,0.959830809611718,-0.0015927790382200824,4.333227100041144,0.7783418749511206,geometry_candidate
hazelnut/test/print/001.png,print,0.0,0.912928609521417,0.0009517049512294262,3.840084829357074,0.6314631540159339,improvement_or_tie
hazelnut/test/print/002.png,print,0.0,0.9037148007119222,-0.0008059858131003184,4.397026889068044,1.0429757383331228,geometry_candidate
hazelnut/test/print/003.png,print,0.0,0.9849166552871307,0.00040684201917740026,2.7733544825164445,0.5037260273532027,improvement_or_tie
hazelnut/test/print/004.png,print,0.0,0.9796578459693019,-0.004254113988822805,3.909629658430761,0.8412702156072811,geometry_candidate
hazelnut/test/print/005.png,print,0.0,0.861894495615566,-0.016213077257532293,2.6914470320839,0.39327524899659894,geometry_candidate
hazelnut/test/print/006.png,print,0.0,0.9735925853110067,0.005183917275526917,4.34931231196295,0.39916919659590855,improvement_or_tie
hazelnut/test/print/007.png,print,0.0,0.9203540967409501,0.020065090590856482,3.380621552390612,0.753287646058352,improvement_or_tie
hazelnut/test/print/008.png,print,0.0,0.9527138353991237,0.0030726653908579316,5.926470554485259,1.3245078382497795,improvement_or_tie
hazelnut/test/print/009.png,print,0.0,0.9860933495530543,-0.00039375236891958654,2.9269676570962364,0.19050547942702112,geometry_candidate
hazelnut/test/print/010.png,print,0.0,0.9286214209078477,0.018474577756879218,3.9747113618485184,0.4854920266453906,improvement_or_tie
hazelnut/test/print/011.png,print,0.0,0.981780235362207,0.006531965618043256,3.7191602405349244,0.5227699514710245,improvement_or_tie
hazelnut/test/print/012.png,print,0.0,0.8810862759253507,0.011995188892246822,3.2318996645948093,0.10975911072823408,improvement_or_tie
hazelnut/test/print/013.png,print,0.0,0.9883946620735089,-0.0016939348409290567,2.8178684250029837,0.15037910445842861,geometry_candidate
hazelnut/test/print/014.png,print,0.0,0.8011169247725252,0.023582410600466175,3.3389957266057397,0.6795465752672545,improvement_or_tie
hazelnut/test/print/015.png,print,0.0,0.9492809120288597,0.0011876033585855872,1.5144732675984378,0.14348278786615376,improvement_or_tie
hazelnut/test/print/016.png,print,0.0,0.9864336495550579,0.002648249973518091,3.531847004099657,0.5600847214530607,improvement_or_tie
hazelnut/test/crack/000.png,crack,0.25,0.19529214455398589,0.00018341150105627424,2.5927500917828934,0.10186802081344437,improvement_or_tie
hazelnut/test/crack/001.png,crack,0.25,0.9699277625283717,-0.012561833186044646,2.534322083239606,0.12364859519718419,geometry_candidate
hazelnut/test/crack/002.png,crack,0.25,0.4294321534147383,-0.020399451955905812,1.303681475769719,0.28824999679965213,geometry_candidate
hazelnut/test/crack/003.png,crack,0.25,0.8880285496010726,0.047199933570734154,1.6181026271079533,0.2383027167003553,improvement_or_tie
hazelnut/test/crack/004.png,crack,0.25,0.991118631741018,0.0011409945588946035,2.132769041310258,0.3832297006419312,improvement_or_tie
hazelnut/test/crack/005.png,crack,0.25,0.8980135622234486,0.05195260385885281,1.7623102829430048,0.33824645933961706,improvement_or_tie
hazelnut/test/crack/006.png,crack,0.25,0.6502931029337152,0.15226006098881967,2.305763411053033,0.39431427249207607,improvement_or_tie
hazelnut/test/crack/007.png,crack,0.25,0.816930684147413,0.00405251789093708,1.963765194929912,0.2598326167183347,improvement_or_tie
hazelnut/test/crack/008.png,crack,0.25,0.9937117344901821,0.005438143722020561,2.8532388425311628,0.44140536067027325,improvement_or_tie
hazelnut/test/crack/009.png,crack,0.25,0.9366094131302122,-0.006102243721566314,2.357693609993383,0.25798962698721706,geometry_candidate
hazelnut/test/crack/010.png,crack,0.25,0.8908489379296869,0.015403077971535395,2.024961398806336,0.15517625144758584,improvement_or_tie
hazelnut/test/crack/011.png,crack,0.25,0.9437129852411107,-0.0006623132719375535,2.4670479318548533,0.21923661154665242,geometry_candidate
hazelnut/test/crack/012.png,crack,0.25,0.27269444063005155,0.07178066293061261,1.7258499782487,0.24791356705635859,improvement_or_tie
hazelnut/test/crack/013.png,crack,0.25,0.846758879354189,-0.056327675262583865,1.6233082956022447,0.34596096812509636,geometry_candidate
hazelnut/test/crack/014.png,crack,0.25,0.9962701813526614,0.007128312268195658,1.9807822193788454,0.4934481122757137,improvement_or_tie
hazelnut/test/crack/015.png,crack,0.25,0.6192148353648477,-0.025022909280051797,2.1499454000138845,0.3494405812904251,geometry_candidate
hazelnut/test/crack/016.png,crack,0.25,0.8696581478155515,0.053432291506663954,1.5016470191150364,0.0957084459962474,improvement_or_tie
hazelnut/test/crack/017.png,crack,0.25,0.9366343990854674,-0.015066777823938615,2.104835892997318,0.1709084625336248,geometry_candidate
hazelnut/test/cut/000.png,cut,0.25,0.9876947217397501,-0.0034570920585252907,2.2000928045148,0.17666265492419342,geometry_candidate
hazelnut/test/cut/001.png,cut,0.25,0.9511259927816185,0.05218597023791083,1.6169451319215686,0.30041707741090784,improvement_or_tie
hazelnut/test/cut/002.png,cut,0.25,0.9923169568520942,0.005777644488126343,2.2956642100145066,0.3111488121828214,improvement_or_tie
hazelnut/test/cut/003.png,cut,0.25,0.9745652042357177,0.10916250561676222,1.907119009085709,0.7461062452201881,improvement_or_tie
hazelnut/test/cut/004.png,cut,0.25,0.9483850178906271,0.046361851979215274,1.8948460581240847,0.4766912715175431,improvement_or_tie
hazelnut/test/cut/005.png,cut,0.25,0.9833345640071486,0.003020022776390685,2.322375152717809,0.5744029187314215,improvement_or_tie
hazelnut/test/cut/006.png,cut,0.25,0.9382643402822407,0.03169651046438682,1.719480229091295,0.30904055122256135,improvement_or_tie
hazelnut/test/cut/007.png,cut,0.25,0.9867162484688273,0.0011911694759707547,2.22174944180947,0.278861817112144,improvement_or_tie
hazelnut/test/cut/008.png,cut,0.25,0.8298663715723832,0.05861205037477968,1.8013926431868459,0.39007065417618025,improvement_or_tie
hazelnut/test/cut/009.png,cut,0.25,0.9876976827090599,-0.00224696826101467,1.9749230264862518,0.18270769492517958,geometry_candidate
hazelnut/test/cut/010.png,cut,0.25,0.9871372230358155,-0.003712257340881542,2.2632238286835964,0.28857772921314795,geometry_candidate
hazelnut/test/cut/011.png,cut,0.25,0.984917727531554,-0.006401493365838951,2.450410879807773,0.6252082003932755,geometry_candidate
hazelnut/test/cut/012.png,cut,0.25,0.9826980373884378,-0.002626475282672347,2.1478032581616398,0.24101279009941323,geometry_candidate
hazelnut/test/cut/013.png,cut,0.25,0.8479338124723668,0.016008727853586757,2.29405860031812,0.32392232257717213,improvement_or_tie
hazelnut/test/cut/014.png,cut,0.25,0.9717217670313554,0.018811861791701467,1.6026951679981454,0.13219281760253687,improvement_or_tie
hazelnut/test/cut/015.png,cut,0.25,0.9857232910571447,0.005140551983553787,2.4011919838527525,0.2649453616608657,improvement_or_tie
hazelnut/test/cut/016.png,cut,0.25,0.9888309843624024,0.005792210700870881,1.9447412500794807,0.23817619634456744,improvement_or_tie
hazelnut/test/hole/000.png,hole,0.25,0.9878754054303324,0.0010540474783156117,3.0820230969054094,0.25700547943507823,improvement_or_tie
hazelnut/test/hole/001.png,hole,0.25,0.9976593906285164,0.0009591375770854338,3.3345082517497415,0.43992632219353256,improvement_or_tie
hazelnut/test/hole/002.png,hole,0.25,0.9944219882475347,0.00027995040162931417,3.7545725472493774,0.00023822126598904703,improvement_or_tie
hazelnut/test/hole/003.png,hole,0.25,0.9744938739799301,0.00533653221397723,3.765682135467916,0.3737067440584765,improvement_or_tie
hazelnut/test/hole/004.png,hole,0.25,0.9944484141476212,-0.00026082498875612536,3.254119845647524,0.24484619966912202,geometry_candidate
hazelnut/test/hole/005.png,hole,0.25,0.9970585525555236,-0.0017259051830954553,2.6961452398283545,0.19330683632230272,geometry_candidate
hazelnut/test/hole/006.png,hole,0.25,0.6835047987534325,0.12678403478925016,2.525059635770917,0.05329721403371268,improvement_or_tie
hazelnut/test/hole/007.png,hole,0.25,0.9960330444895221,-0.00033514614739327264,4.440758275250722,1.2923621404923762,geometry_candidate
hazelnut/test/hole/008.png,hole,0.25,0.9877450517047136,-0.0008158008852530152,2.5490427599241743,0.14280886670201465,geometry_candidate
hazelnut/test/hole/009.png,hole,0.25,0.9934022191442046,-0.0013035172877503554,3.1938628992011115,0.1566202042863689,geometry_candidate
hazelnut/test/hole/010.png,hole,0.25,0.933261263774992,0.009249164911533936,2.8569372271261146,0.05433403202447007,improvement_or_tie
hazelnut/test/hole/011.png,hole,0.25,0.5430131579253957,-0.0036614213496926062,2.7648049702379343,0.17712140281208777,geometry_candidate
hazelnut/test/hole/012.png,hole,0.25,0.9703100003354123,-0.0003425038151825266,2.908016447130884,0.02705091528690229,geometry_candidate
hazelnut/test/hole/013.png,hole,0.25,0.9882294204649821,0.0025377717468380023,2.662587426705554,0.3927360701091853,improvement_or_tie
hazelnut/test/hole/014.png,hole,0.25,0.8924473432885707,-0.006714943380460303,2.3662083817416426,-0.038359210296024404,suppression
hazelnut/test/hole/015.png,hole,0.25,0.997438010924888,-0.0007925491034654897,3.1445254130467024,0.34368347677202626,geometry_candidate
hazelnut/test/hole/016.png,hole,0.25,0.9287969707117493,0.004864639503120438,2.0193844511111645,0.03828409259939214,improvement_or_tie
hazelnut/test/hole/017.png,hole,0.25,0.8808481588219202,-0.004572684397947113,2.9481683970431165,0.4757223626656093,geometry_candidate
hazelnut/test/print/000.png,print,0.25,0.9606045724775266,-0.0008190161724114242,4.138641631303364,0.5837564062133405,geometry_candidate
hazelnut/test/print/001.png,print,0.25,0.9129440553425744,0.0009671507723868489,3.6822190408530915,0.4735973655119512,improvement_or_tie
hazelnut/test/print/002.png,print,0.25,0.9042659059056765,-0.0002548806193460873,4.136282954484765,0.782231803749843,geometry_candidate
hazelnut/test/print/003.png,print,0.25,0.9852109119078486,0.0007010986398953145,2.6474229756781438,0.37779452051490203,improvement_or_tie
hazelnut/test/print/004.png,print,0.25,0.981486764863741,-0.0024251950943837697,3.6993121045289388,0.630952661705459,geometry_candidate
hazelnut/test/print/005.png,print,0.25,0.865976727789487,-0.012130845083611286,2.59312821983475,0.29495643674744887,geometry_candidate
hazelnut/test/print/006.png,print,0.25,0.9728182557756195,0.004409587740139775,4.249520012813972,0.2993768974469302,improvement_or_tie
hazelnut/test/print/007.png,print,0.25,0.9195848018096825,0.019295795659588832,3.1922996408760236,0.5649657345437635,improvement_or_tie
hazelnut/test/print/008.png,print,0.25,0.9524384329164058,0.0027972629081400857,5.595343594922814,0.9933808786873346,improvement_or_tie
hazelnut/test/print/009.png,print,0.25,0.9866863693879434,0.0001992674659695437,2.8793412872394817,0.1428791095702664,improvement_or_tie
hazelnut/test/print/010.png,print,0.25,0.92654302078026,0.016396177629291464,3.853338355187171,0.3641190199840434,improvement_or_tie
hazelnut/test/print/011.png,print,0.25,0.9808652578368403,0.0056169880926765225,3.588467752667168,0.39207746360326823,improvement_or_tie
hazelnut/test/print/012.png,print,0.25,0.8787879271735304,0.009696840140426488,3.2044598869127494,0.08231933304617423,improvement_or_tie
hazelnut/test/print/013.png,print,0.25,0.9891042617316341,-0.0009843351828038305,2.7802736488883766,0.11278432834382146,geometry_candidate
hazelnut/test/print/014.png,print,0.25,0.7991982623506441,0.021663748178585074,3.169109082788926,0.5096599314504409,improvement_or_tie
hazelnut/test/print/015.png,print,0.25,0.9494556672892202,0.001362358618946069,1.4786025706318995,0.10761209089961543,improvement_or_tie
hazelnut/test/print/016.png,print,0.25,0.9862097224053178,0.0024243228237780245,3.3918258237363914,0.42006354108979505,improvement_or_tie
hazelnut/test/crack/000.png,crack,0.5,0.19539838532840226,0.00028965227547264605,2.5587940848450783,0.06791201387562928,improvement_or_tie
hazelnut/test/crack/001.png,crack,0.5,0.9759628228573718,-0.006526772857044505,2.4931058848405447,0.08243239679812309,geometry_candidate
hazelnut/test/crack/002.png,crack,0.5,0.43599356182861754,-0.013838043542026557,1.2075981435031682,0.19216666453310127,geometry_candidate
hazelnut/test/crack/003.png,crack,0.5,0.8766007844744813,0.03577216844414288,1.538668388207835,0.15886847780023694,improvement_or_tie
hazelnut/test/crack/004.png,crack,0.5,0.9918506128547833,0.0018729756726598712,2.005025807762948,0.2554864670946211,improvement_or_tie
hazelnut/test/crack/005.png,crack,0.5,0.8853625219722444,0.03930156360764858,1.6495614631631323,0.22549763955974456,improvement_or_tie
hazelnut/test/crack/006.png,crack,0.5,0.6052044192083906,0.10717137726349507,2.1743253202223416,0.2628761816613845,improvement_or_tie
hazelnut/test/crack/007.png,crack,0.5,0.8181742612417648,0.005296094985288935,1.8771543226904668,0.1732217444788895,improvement_or_tie
hazelnut/test/crack/008.png,crack,0.5,0.9939254515883089,0.0056518608201473475,2.7061037223077378,0.29427024044684824,improvement_or_tie
hazelnut/test/crack/009.png,crack,0.5,0.9414664904353343,-0.0012451664164442322,2.2716970676643107,0.17199308465814456,geometry_candidate
hazelnut/test/crack/010.png,crack,0.5,0.8898682572250703,0.014422397266918852,1.973235981657141,0.10345083429839064,improvement_or_tie
hazelnut/test/crack/011.png,crack,0.5,0.9457297817708717,0.0013544832578235022,2.3939690613393028,0.1461577410311019,improvement_or_tie
hazelnut/test/crack/012.png,crack,0.5,0.24505647298721148,0.04414269528777254,1.6432121225632474,0.16527571137090602,improvement_or_tie
hazelnut/test/crack/013.png,crack,0.5,0.869498180451674,-0.033588374165098855,1.5079879728938792,0.2306406454167309,geometry_candidate
hazelnut/test/crack/014.png,crack,0.5,0.9951079771911309,0.005966108106665091,1.816299515286941,0.32896540818380937,improvement_or_tie
hazelnut/test/crack/015.png,crack,0.5,0.6333058539215987,-0.010931890723300808,2.0334652062504093,0.23296038752694992,geometry_candidate
hazelnut/test/crack/016.png,crack,0.5,0.8526659425329902,0.036440086224102664,1.469744203782954,0.063805630664165,improvement_or_tie
hazelnut/test/crack/017.png,crack,0.5,0.9432684458146547,-0.008432731094751289,2.04786640548611,0.1139389750224169,geometry_candidate
hazelnut/test/cut/000.png,cut,0.5,0.9888197609050137,-0.0023320528932617712,2.1412052528734016,0.11777510328279517,geometry_candidate
hazelnut/test/cut/001.png,cut,0.5,0.9425746048300349,0.04363458228632722,1.5168061061179328,0.20027805160727197,improvement_or_tie
hazelnut/test/cut/002.png,cut,0.5,0.991813244042464,0.005273931678496102,2.1919479392868992,0.20743254145521406,improvement_or_tie
hazelnut/test/cut/003.png,cut,0.5,0.9686907976588526,0.10328809903989711,1.6584169273456464,0.4974041634801254,improvement_or_tie
hazelnut/test/cut/004.png,cut,0.5,0.9431722650833385,0.04114909917192666,1.7359489676182376,0.317794181011696,improvement_or_tie
hazelnut/test/cut/005.png,cut,0.5,0.9827501781774954,0.0024356369467375405,2.130907513140669,0.3829352791542815,improvement_or_tie
hazelnut/test/cut/006.png,cut,0.5,0.9326724390240873,0.026104609206233365,1.6164667120171077,0.2060270341483741,improvement_or_tie
hazelnut/test/cut/007.png,cut,0.5,0.9866379643383826,0.0011128853455260046,2.1287955027720886,0.18590787807476272,improvement_or_tie
hazelnut/test/cut/008.png,cut,0.5,0.8194860643939145,0.04823174319631096,1.6713690917947859,0.26004710278412024,improvement_or_tie
hazelnut/test/cut/009.png,cut,0.5,0.9882871520768268,-0.001657498893247733,1.9140204615111922,0.12180512995011994,geometry_candidate
hazelnut/test/cut/010.png,cut,0.5,0.9911870867666436,0.0003376063899465098,2.1670312522792137,0.19238515280876523,improvement_or_tie
hazelnut/test/cut/011.png,cut,0.5,0.9871123092582751,-0.004206911639117905,2.242008146343348,0.41680546692885034,geometry_candidate
hazelnut/test/cut/012.png,cut,0.5,0.9849453535275687,-0.00037915914354136326,2.067465661461835,0.16067519339960845,geometry_candidate
hazelnut/test/cut/013.png,cut,0.5,0.8442423042279461,0.012317219609166097,2.1860844927923955,0.2159482150514478,improvement_or_tie
hazelnut/test/cut/014.png,cut,0.5,0.9683209470289252,0.01541104178927133,1.5586308954639667,0.08812854506835821,improvement_or_tie
hazelnut/test/cut/015.png,cut,0.5,0.9844049956124487,0.0038222565388577046,2.3128768632991306,0.1766302411072438,improvement_or_tie
hazelnut/test/cut/016.png,cut,0.5,0.9889325118781589,0.00589373821662742,1.865349184631291,0.15878413089637777,improvement_or_tie
hazelnut/test/hole/000.png,hole,0.5,0.987547750532104,0.0007263925800872206,2.9963546037603828,0.17133698629005156,improvement_or_tie
hazelnut/test/hole/001.png,hole,0.5,0.9974016137088143,0.0007013606573833542,3.187866144351897,0.2932842147956882,improvement_or_tie
hazelnut/test/hole/002.png,hole,0.5,0.9943470646795198,0.00020502683361445229,3.754493140160714,0.00015881417732543923,improvement_or_tie
hazelnut/test/hole/003.png,hole,0.5,0.9731128628657465,0.00395552109979358,3.641113220781757,0.24913782937231765,improvement_or_tie
hazelnut/test/hole/004.png,hole,0.5,0.9947034075907772,-5.831545600076815e-06,3.172504445757817,0.16323079977941468,geometry_candidate
hazelnut/test/hole/005.png,hole,0.5,0.9978933506149087,-0.0008911071237103219,2.6317096277209204,0.12887122421486863,geometry_candidate
hazelnut/test/hole/006.png,hole,0.5,0.6559230648624824,0.09920230089830007,2.5072938977596797,0.03553147602247542,improvement_or_tie
hazelnut/test/hole/007.png,hole,0.5,0.9961446137432978,-0.00022357689361762745,4.009970895086597,0.8615747603282506,geometry_candidate
hazelnut/test/hole/008.png,hole,0.5,0.9879425307781847,-0.0006183218117818967,2.5014398043568358,0.09520591113467614,geometry_candidate
hazelnut/test/hole/009.png,hole,0.5,0.9938277746370288,-0.0008779617949261631,3.141656164438988,0.10441346952424535,geometry_candidate
hazelnut/test/hole/010.png,hole,0.5,0.9307771206532452,0.006765021789787218,2.8388258831179582,0.036222688016313676,improvement_or_tie
hazelnut/test/hole/011.png,hole,0.5,0.5417442320033354,-0.0049303472717528996,2.705764502633905,0.11808093520805851,geometry_candidate
hazelnut/test/hole/012.png,hole,0.5,0.9705902355027881,-6.226864780667363e-05,2.8989994753685835,0.01803394352460197,geometry_candidate
hazelnut/test/hole/013.png,hole,0.5,0.9878849248280843,0.0021932761099402454,2.531675403335825,0.2618240467394566,improvement_or_tie
hazelnut/test/hole/014.png,hole,0.5,0.8947536367938524,-0.0044086498751785275,2.3789947851736506,-0.025572806864016417,suppression
hazelnut/test/hole/015.png,hole,0.5,0.9976428351079059,-0.0005877249204476742,3.029964254122693,0.22912231784801707,geometry_candidate
hazelnut/test/hole/016.png,hole,0.5,0.9282026719418032,0.004270340733174338,2.0066230869113673,0.025522728399594907,improvement_or_tie
hazelnut/test/hole/017.png,hole,0.5,0.8840755023031098,-0.0013453409167575314,2.78959427615458,0.317148241777073,geometry_candidate
hazelnut/test/print/000.png,print,0.5,0.961090443513449,-0.00033314513648907695,3.9440561625655843,0.38917093747556075,geometry_candidate
hazelnut/test/print/001.png,print,0.5,0.9127425407795764,0.0007656362093888536,3.524353252349107,0.3157315770079667,improvement_or_tie
hazelnut/test/print/002.png,print,0.5,0.9047188021300501,0.0001980156050275239,3.875539019901483,0.5214878691665614,improvement_or_tie
hazelnut/test/print/003.png,print,0.5,0.985406305858884,0.0008964925909307198,2.5214914688398427,0.2518630136766009,improvement_or_tie
hazelnut/test/print/004.png,print,0.5,0.9830881311769087,-0.0008238287812160072,3.4889945506271194,0.42063510780363966,geometry_candidate
hazelnut/test/print/005.png,print,0.5,0.8703695825019875,-0.007737990371110781,2.4948094075856004,0.19663762449829925,geometry_candidate
hazelnut/test/print/006.png,print,0.5,0.9717602236704161,0.0033515556349363873,4.149727713664995,0.1995845982979536,improvement_or_tie
hazelnut/test/print/007.png,print,0.5,0.9173831722052482,0.01709416605515457,3.0039777293614365,0.3766438230291764,improvement_or_tie
hazelnut/test/print/008.png,print,0.5,0.9518483230352472,0.00220715302698149,5.26421663536037,0.6622539191248906,improvement_or_tie
hazelnut/test/print/009.png,print,0.5,0.9868420184408078,0.0003549165188339032,2.831714917382726,0.09525273971351078,improvement_or_tie
hazelnut/test/print/010.png,print,0.5,0.9222526280647586,0.012105784913790107,3.731965348525823,0.2427460133226953,improvement_or_tie
hazelnut/test/print/011.png,print,0.5,0.9796013602886694,0.004353090544505611,3.4577752647994124,0.26138497573551245,improvement_or_tie
hazelnut/test/print/012.png,print,0.5,0.8761435274928111,0.00705244045970721,3.177020109230692,0.054879555364116595,improvement_or_tie
hazelnut/test/print/013.png,print,0.5,0.9895755051259003,-0.0005130917885376451,2.7426788727737694,0.07518955222921431,geometry_candidate
hazelnut/test/print/014.png,print,0.5,0.7935644765811642,0.01602996240910526,2.9992224389721125,0.33977328763362724,improvement_or_tie
hazelnut/test/print/015.png,print,0.5,0.9499173783286036,0.0018240696583294858,1.442731873665361,0.07174139393307688,improvement_or_tie
hazelnut/test/print/016.png,print,0.5,0.9857560427502625,0.001970643168722752,3.2518046433731267,0.2800423607265303,improvement_or_tie
hazelnut/test/crack/000.png,crack,0.75,0.19534132987908553,0.00023259682615592303,2.524838077907264,0.033956006937815086,improvement_or_tie
hazelnut/test/crack/001.png,crack,0.75,0.9801236792398542,-0.0023659164745620798,2.4518896864414836,0.04121619839906199,geometry_candidate
hazelnut/test/crack/002.png,crack,0.75,0.4394426183507721,-0.010388987019872009,1.1115148112366178,0.09608333226655086,geometry_candidate
hazelnut/test/crack/003.png,crack,0.75,0.8613673224294494,0.02053870639911093,1.4592341493077163,0.07943423890011836,improvement_or_tie
hazelnut/test/crack/004.png,crack,0.75,0.9918405583291295,0.0018629211470061469,1.8772825742156372,0.12774323354731032,improvement_or_tie
hazelnut/test/crack/005.png,crack,0.75,0.8687563293788677,0.02269537101427188,1.5368126433832598,0.11274881977987206,improvement_or_tie
hazelnut/test/crack/006.png,crack,0.75,0.5590186516110418,0.060985609666146245,2.042887229391649,0.13143809083069202,improvement_or_tie
hazelnut/test/crack/007.png,crack,0.75,0.8170920413974424,0.004213875140966494,1.790543450451022,0.08661087223944475,improvement_or_tie
hazelnut/test/crack/008.png,crack,0.75,0.9925230718890049,0.004249481120843335,2.558968602084314,0.14713512022342456,improvement_or_tie
hazelnut/test/crack/009.png,crack,0.75,0.9439412094528425,0.0012295526010640545,2.185700525335239,0.08599654232907294,improvement_or_tie
hazelnut/test/crack/010.png,crack,0.75,0.8854388674066037,0.009993007448452218,1.9215105645079458,0.05172541714919543,improvement_or_tie
hazelnut/test/crack/011.png,crack,0.75,0.9458167640381603,0.00144146552511204,2.320890190823752,0.07307887051555095,improvement_or_tie
hazelnut/test/crack/012.png,crack,0.75,0.22532639825965975,0.02441262056022081,1.5605742668777944,0.08263785568545301,improvement_or_tie
hazelnut/test/crack/013.png,crack,0.75,0.8895648635136554,-0.013521691103117517,1.392667650185514,0.11532032270836567,geometry_candidate
hazelnut/test/crack/014.png,crack,0.75,0.9928202137677132,0.0036783446832474587,1.6518168111950362,0.16448270409190457,improvement_or_tie
hazelnut/test/crack/015.png,crack,0.75,0.6372149786412598,-0.007022766003639713,1.916985012486934,0.11648019376347474,geometry_candidate
hazelnut/test/crack/016.png,crack,0.75,0.835747437224969,0.01952158091608147,1.4378413884508714,0.03190281533208239,improvement_or_tie
hazelnut/test/crack/017.png,crack,0.75,0.9485194143447325,-0.003181762564673507,1.9908969179749014,0.05696948751120834,geometry_candidate
hazelnut/test/cut/000.png,cut,0.75,0.9898781551405105,-0.0012736586577649645,2.082317701232004,0.058887551641397806,geometry_candidate
hazelnut/test/cut/001.png,cut,0.75,0.9262967714800123,0.027356748936304687,1.416667080314297,0.1001390258036361,improvement_or_tie
hazelnut/test/cut/002.png,cut,0.75,0.9897130247413966,0.0031737123774286946,2.0882316685592923,0.10371627072760714,improvement_or_tie
hazelnut/test/cut/003.png,cut,0.75,0.938981592268095,0.0735788936491395,1.4097148456055835,0.24870208174006248,improvement_or_tie
hazelnut/test/cut/004.png,cut,0.75,0.9304019280062792,0.028378762094867338,1.5770518771123891,0.15889709050584755,improvement_or_tie
hazelnut/test/cut/005.png,cut,0.75,0.9819994098333605,0.0016848686026026405,1.9394398735635285,0.19146763957714086,improvement_or_tie
hazelnut/test/cut/006.png,cut,0.75,0.9230704106768066,0.01650258085895273,1.5134531949429206,0.10301351707418704,improvement_or_tie
hazelnut/test/cut/007.png,cut,0.75,0.9866381959482357,0.0011131169553790787,2.0358415637347074,0.09295393903738147,improvement_or_tie
hazelnut/test/cut/008.png,cut,0.75,0.7992381916768452,0.027983870479241668,1.5413455404027259,0.13002355139206023,improvement_or_tie
hazelnut/test/cut/009.png,cut,0.75,0.9892611805113918,-0.0006834704586827778,1.8531178965361323,0.06090256497506008,geometry_candidate
hazelnut/test/cut/010.png,cut,0.75,0.993167863990422,0.002318383613724939,2.0708386758748314,0.09619257640438295,improvement_or_tie
hazelnut/test/cut/011.png,cut,0.75,0.9898868126814225,-0.0014324082159704599,2.0336054128789227,0.20840273346442517,geometry_candidate
hazelnut/test/cut/012.png,cut,0.75,0.986100357952706,0.0007758452815959105,1.987128064762031,0.08033759669980456,improvement_or_tie
hazelnut/test/cut/013.png,cut,0.75,0.8392778795441818,0.007352794925401751,2.078110385266672,0.10797410752572434,improvement_or_tie
hazelnut/test/cut/014.png,cut,0.75,0.9622348391309004,0.009324933891246445,1.5145666229297874,0.04406427253417888,improvement_or_tie
hazelnut/test/cut/015.png,cut,0.75,0.982936888517949,0.002354149444358078,2.2245617427455087,0.0883151205536219,improvement_or_tie
hazelnut/test/cut/016.png,cut,0.75,0.9873544182777271,0.004315644616195602,1.7859571191831025,0.07939206544818922,improvement_or_tie
hazelnut/test/hole/000.png,hole,0.75,0.9873741525139028,0.0005527945618860608,2.9106861106153565,0.08566849314502534,improvement_or_tie
hazelnut/test/hole/001.png,hole,0.75,0.9970153277849824,0.0003150747335514126,3.0412240369540537,0.14664210739784478,improvement_or_tie
hazelnut/test/hole/002.png,hole,0.75,0.9943094923887746,0.00016745454286926087,3.7544137330720515,7.94070886631637e-05,improvement_or_tie
hazelnut/test/hole/003.png,hole,0.75,0.9709266003445255,0.0017692585785725745,3.516544306095598,0.12456891468615838,improvement_or_tie
hazelnut/test/hole/004.png,hole,0.75,0.9947962111719293,8.697203555196875e-05,3.090889045868109,0.0816153998897069,improvement_or_tie
hazelnut/test/hole/005.png,hole,0.75,0.9983546534552916,-0.0004298042833273952,2.5672740156134863,0.06443561210743454,geometry_candidate
hazelnut/test/hole/006.png,hole,0.75,0.6153594280052449,0.05863866404106255,2.489528159748442,0.01776573801123771,improvement_or_tie
hazelnut/test/hole/007.png,hole,0.75,0.9961446137432978,-0.00022357689361762745,3.5791835149224713,0.4307873801641251,geometry_candidate
hazelnut/test/hole/008.png,hole,0.75,0.9881893553835152,-0.00037149720645146544,2.4538368487894977,0.04760295556733807,geometry_candidate
hazelnut/test/hole/009.png,hole,0.75,0.9942533897983179,-0.0004523466336370241,3.0894494296768653,0.052206734762122675,geometry_candidate
hazelnut/test/hole/010.png,hole,0.75,0.9281632243190456,0.004151125455587601,2.820714539109801,0.018111344008156394,improvement_or_tie
hazelnut/test/hole/011.png,hole,0.75,0.541922121067569,-0.00475245820751935,2.6467240350298757,0.059040467604029256,geometry_candidate
hazelnut/test/hole/012.png,hole,0.75,0.9707268612227066,7.435707211178588e-05,2.889982503606282,0.009016971762300319,improvement_or_tie
hazelnut/test/hole/013.png,hole,0.75,0.9870810640920682,0.0013894153739241188,2.400763379966097,0.1309120233697283,improvement_or_tie
hazelnut/test/hole/014.png,hole,0.75,0.8967805297105443,-0.002381756958486636,2.3917811886056586,-0.01278640343200843,suppression
hazelnut/test/hole/015.png,hole,0.75,0.9980115186373378,-0.0002190413910156952,2.915403095198685,0.11456115892400875,geometry_candidate
hazelnut/test/hole/016.png,hole,0.75,0.9269120429470934,0.0029797117384645633,1.99386172271157,0.012761364199797676,improvement_or_tie
hazelnut/test/hole/017.png,hole,0.75,0.8853239940942143,-9.684912565310899e-05,2.6310201552660435,0.15857412088853629,geometry_candidate
hazelnut/test/print/000.png,print,0.75,0.9616171050522127,0.0001935164022746072,3.7494706938278055,0.19458546873778193,improvement_or_tie
hazelnut/test/print/001.png,print,0.75,0.9124273700312406,0.0004504654610530956,3.366487463845124,0.15786578850398358,improvement_or_tie
hazelnut/test/print/002.png,print,0.75,0.9045472311707486,2.644464572609806e-05,3.6147950853182023,0.2607439345832807,improvement_or_tie
hazelnut/test/print/003.png,print,0.75,0.9853311112074359,0.0008212979394826014,2.3955599620015415,0.1259315068382998,improvement_or_tie
hazelnut/test/print/004.png,print,0.75,0.9839151208904439,3.1609323191128524e-06,3.2786769967252996,0.21031755390181983,improvement_or_tie
hazelnut/test/print/005.png,print,0.75,0.8744752098012584,-0.0036323630718398947,2.396490595336451,0.09831881224914962,geometry_candidate
hazelnut/test/print/006.png,print,0.75,0.97017303469982,0.0017643666643402112,4.049935414516018,0.09979229914897614,improvement_or_tie
hazelnut/test/print/007.png,print,0.75,0.9116058248311126,0.01131681868101897,2.815655817846848,0.188321911514588,improvement_or_tie
hazelnut/test/print/008.png,print,0.75,0.9508727830224103,0.0012316130141445392,4.933089675797924,0.33112695956244487,improvement_or_tie
hazelnut/test/print/009.png,print,0.75,0.9868878303602602,0.000400728438286313,2.784088547525971,0.04762636985675561,improvement_or_tie
hazelnut/test/print/010.png,print,0.75,0.916971241961293,0.0068243988103244835,3.610592341864475,0.1213730066613472,improvement_or_tie
hazelnut/test/print/011.png,print,0.75,0.977805358582927,0.002557088838763266,3.3270827769316567,0.13069248786775667,improvement_or_tie
hazelnut/test/print/012.png,print,0.75,0.8738778195184187,0.004786732485314804,3.1495803315486333,0.027439777682058075,improvement_or_tie
hazelnut/test/print/013.png,print,0.75,0.9899360053701775,-0.00015259154426050525,2.7050840966591623,0.037594776114607154,geometry_candidate
hazelnut/test/print/014.png,print,0.75,0.7850585890269006,0.007524074854841634,2.8293357951552984,0.16988664381681318,improvement_or_tie
hazelnut/test/print/015.png,print,0.75,0.9492436793960953,0.001150370725821248,1.4068611766988224,0.03587069696653833,improvement_or_tie
hazelnut/test/print/016.png,print,0.75,0.9850202546048685,0.0012348550233287625,3.1117834630098615,0.14002118036326516,improvement_or_tie
hazelnut/test/crack/000.png,crack,1.0,0.1951087330529296,0.0,2.490882070969449,0.0,improvement_or_tie
hazelnut/test/crack/001.png,crack,1.0,0.9824895957144163,0.0,2.4106734880424217,0.0,improvement_or_tie
hazelnut/test/crack/002.png,crack,1.0,0.4498316053706441,0.0,1.015431478970067,0.0,improvement_or_tie
hazelnut/test/crack/003.png,crack,1.0,0.8408286160303384,0.0,1.379799910407598,0.0,improvement_or_tie
hazelnut/test/crack/004.png,crack,1.0,0.9899776371821234,0.0,1.7495393406683268,0.0,improvement_or_tie
hazelnut/test/crack/005.png,crack,1.0,0.8460609583645958,0.0,1.4240638236033878,0.0,improvement_or_tie
hazelnut/test/crack/006.png,crack,1.0,0.49803304194489556,0.0,1.911449138560957,0.0,improvement_or_tie
hazelnut/test/crack/007.png,crack,1.0,0.8128781662564759,0.0,1.7039325782115773,0.0,improvement_or_tie
hazelnut/test/crack/008.png,crack,1.0,0.9882735907681616,0.0,2.4118334818608895,0.0,improvement_or_tie
hazelnut/test/crack/009.png,crack,1.0,0.9427116568517785,0.0,2.099703983006166,0.0,improvement_or_tie
hazelnut/test/crack/010.png,crack,1.0,0.8754458599581515,0.0,1.8697851473587503,0.0,improvement_or_tie
hazelnut/test/crack/011.png,crack,1.0,0.9443752985130482,0.0,2.247811320308201,0.0,improvement_or_tie
hazelnut/test/crack/012.png,crack,1.0,0.20091377769943894,0.0,1.4779364111923414,0.0,improvement_or_tie
hazelnut/test/crack/013.png,crack,1.0,0.9030865546167729,0.0,1.2773473274771483,0.0,improvement_or_tie
hazelnut/test/crack/014.png,crack,1.0,0.9891418690844658,0.0,1.4873341071031316,0.0,improvement_or_tie
hazelnut/test/crack/015.png,crack,1.0,0.6442377446448995,0.0,1.8005048187234594,0.0,improvement_or_tie
hazelnut/test/crack/016.png,crack,1.0,0.8162258563088876,0.0,1.405938573118789,0.0,improvement_or_tie
hazelnut/test/crack/017.png,crack,1.0,0.951701176909406,0.0,1.933927430463693,0.0,improvement_or_tie
hazelnut/test/cut/000.png,cut,1.0,0.9911518137982754,0.0,2.0234301495906064,0.0,improvement_or_tie
hazelnut/test/cut/001.png,cut,1.0,0.8989400225437076,0.0,1.3165280545106608,0.0,improvement_or_tie
hazelnut/test/cut/002.png,cut,1.0,0.9865393123639679,0.0,1.9845153978316852,0.0,improvement_or_tie
hazelnut/test/cut/003.png,cut,1.0,0.8654026986189555,0.0,1.161012763865521,0.0,improvement_or_tie
hazelnut/test/cut/004.png,cut,1.0,0.9020231659114119,0.0,1.4181547866065416,0.0,improvement_or_tie
hazelnut/test/cut/005.png,cut,1.0,0.9803145412307579,0.0,1.7479722339863877,0.0,improvement_or_tie
hazelnut/test/cut/006.png,cut,1.0,0.9065678298178539,0.0,1.4104396778687336,0.0,improvement_or_tie
hazelnut/test/cut/007.png,cut,1.0,0.9855250789928566,0.0,1.942887624697326,0.0,improvement_or_tie
hazelnut/test/cut/008.png,cut,1.0,0.7712543211976035,0.0,1.4113219890106656,0.0,improvement_or_tie
hazelnut/test/cut/009.png,cut,1.0,0.9899446509700746,0.0,1.7922153315610723,0.0,improvement_or_tie
hazelnut/test/cut/010.png,cut,1.0,0.9908494803766971,0.0,1.9746460994704484,0.0,improvement_or_tie
hazelnut/test/cut/011.png,cut,1.0,0.991319220897393,0.0,1.8252026794144975,0.0,improvement_or_tie
hazelnut/test/cut/012.png,cut,1.0,0.9853245126711101,0.0,1.9067904680622265,0.0,improvement_or_tie
hazelnut/test/cut/013.png,cut,1.0,0.83192508461878,0.0,1.9701362777409477,0.0,improvement_or_tie
hazelnut/test/cut/014.png,cut,1.0,0.9529099052396539,0.0,1.4705023503956085,0.0,improvement_or_tie
hazelnut/test/cut/015.png,cut,1.0,0.980582739073591,0.0,2.1362466221918868,0.0,improvement_or_tie
hazelnut/test/cut/016.png,cut,1.0,0.9830387736615315,0.0,1.7065650537349133,0.0,improvement_or_tie
hazelnut/test/hole/000.png,hole,1.0,0.9868213579520168,0.0,2.825017617470331,0.0,improvement_or_tie
hazelnut/test/hole/001.png,hole,1.0,0.996700253051431,0.0,2.894581929556209,0.0,improvement_or_tie
hazelnut/test/hole/002.png,hole,1.0,0.9941420378459054,0.0,3.7543343259833883,0.0,improvement_or_tie
hazelnut/test/hole/003.png,hole,1.0,0.9691573417659529,0.0,3.3919753914094395,0.0,improvement_or_tie
hazelnut/test/hole/004.png,hole,1.0,0.9947092391363773,0.0,3.009273645978402,0.0,improvement_or_tie
hazelnut/test/hole/005.png,hole,1.0,0.998784457738619,0.0,2.502838403506052,0.0,improvement_or_tie
hazelnut/test/hole/006.png,hole,1.0,0.5567207639641824,0.0,2.4717624217372043,0.0,improvement_or_tie
hazelnut/test/hole/007.png,hole,1.0,0.9963681906369154,0.0,3.1483961347583462,0.0,improvement_or_tie
hazelnut/test/hole/008.png,hole,1.0,0.9885608525899666,0.0,2.4062338932221596,0.0,improvement_or_tie
hazelnut/test/hole/009.png,hole,1.0,0.9947057364319549,0.0,3.0372426949147426,0.0,improvement_or_tie
hazelnut/test/hole/010.png,hole,1.0,0.924012098863458,0.0,2.8026031951016446,0.0,improvement_or_tie
hazelnut/test/hole/011.png,hole,1.0,0.5466745792750883,0.0,2.5876835674258465,0.0,improvement_or_tie
hazelnut/test/hole/012.png,hole,1.0,0.9706525041505948,0.0,2.8809655318439815,0.0,improvement_or_tie
hazelnut/test/hole/013.png,hole,1.0,0.9856916487181441,0.0,2.2698513565963685,0.0,improvement_or_tie
hazelnut/test/hole/014.png,hole,1.0,0.899162286669031,0.0,2.404567592037667,0.0,improvement_or_tie
hazelnut/test/hole/015.png,hole,1.0,0.9982305600283535,0.0,2.800841936274676,0.0,improvement_or_tie
hazelnut/test/hole/016.png,hole,1.0,0.9239323312086288,0.0,1.9811003585117724,0.0,improvement_or_tie
hazelnut/test/hole/017.png,hole,1.0,0.8854208432198674,0.0,2.472446034377507,0.0,improvement_or_tie
hazelnut/test/print/000.png,print,1.0,0.961423588649938,0.0,3.5548852250900236,0.0,improvement_or_tie
hazelnut/test/print/001.png,print,1.0,0.9119769045701875,0.0,3.2086216753411403,0.0,improvement_or_tie
hazelnut/test/print/002.png,print,1.0,0.9045207865250225,0.0,3.3540511507349215,0.0,improvement_or_tie
hazelnut/test/print/003.png,print,1.0,0.9845098132679533,0.0,2.2696284551632417,0.0,improvement_or_tie
hazelnut/test/print/004.png,print,1.0,0.9839119599581247,0.0,3.0683594428234797,0.0,improvement_or_tie
hazelnut/test/print/005.png,print,1.0,0.8781075728730983,0.0,2.298171783087301,0.0,improvement_or_tie
hazelnut/test/print/006.png,print,1.0,0.9684086680354798,0.0,3.9501431153670414,0.0,improvement_or_tie
hazelnut/test/print/007.png,print,1.0,0.9002890061500937,0.0,2.62733390633226,0.0,improvement_or_tie
hazelnut/test/print/008.png,print,1.0,0.9496411700082658,0.0,4.601962716235479,0.0,improvement_or_tie
hazelnut/test/print/009.png,print,1.0,0.9864871019219739,0.0,2.7364621776692153,0.0,improvement_or_tie
hazelnut/test/print/010.png,print,1.0,0.9101468431509685,0.0,3.4892193352031278,0.0,improvement_or_tie
hazelnut/test/print/011.png,print,1.0,0.9752482697441638,0.0,3.1963902890639,0.0,improvement_or_tie
hazelnut/test/print/012.png,print,1.0,0.8690910870331039,0.0,3.122140553866575,0.0,improvement_or_tie
hazelnut/test/print/013.png,print,1.0,0.990088596914438,0.0,2.667489320544555,0.0,improvement_or_tie
hazelnut/test/print/014.png,print,1.0,0.777534514172059,0.0,2.6594491513384853,0.0,improvement_or_tie
hazelnut/test/print/015.png,print,1.0,0.9480933086702741,0.0,1.370990479732284,0.0,improvement_or_tie
hazelnut/test/print/016.png,print,1.0,0.9837853995815398,0.0,2.9717622826465964,0.0,improvement_or_tie
