index,sample,defect_type,defect_area_pixels,defect_area_ratio,bicubic_roi_mean,swinir_roi_mean,delta_roi_mean,bicubic_background_mean,swinir_background_mean,bicubic_roi_bg_gap,swinir_roi_bg_gap,delta_roi_bg_gap,bicubic_per_image_pixel_auroc,swinir_per_image_pixel_auroc,delta_per_image_pixel_auroc,bicubic_per_image_aupro,swinir_per_image_aupro,delta_per_image_aupro,map_pearson_corr,regression_type
41,screw/test/manipulated_front/000.png,manipulated_front,238,0.004743303571428571,2.6969919440125216,1.6853369386757122,-1.0116550053368094,1.725633549642623,1.0605178036449467,0.9713583943698987,0.6248191350307655,-0.3465392593391332,0.8236593207510086,0.8702233626840139,0.04656404193300534,0.4537909360548256,0.6270256069907638,0.1732346709359382,0.8551481365001652,improvement_or_tie
42,screw/test/manipulated_front/001.png,manipulated_front,182,0.003627232142857143,3.372451609307593,2.4797295050306634,-0.8927221042769298,1.579354690323986,1.026474559003555,1.7930969189836072,1.4532549460271083,-0.339841972956499,0.9205918995993805,0.9773444241880455,0.056752524588664977,0.7353612836470779,0.9252765643232499,0.18991528067617203,0.8871169344350361,improvement_or_tie
43,screw/test/manipulated_front/002.png,manipulated_front,75,0.0014947385204081632,2.937340933481852,1.7612350765864055,-1.1761058568954466,1.6704699740604056,1.133664993131635,1.2668709594214465,0.6275700834547706,-0.6393008759666758,0.8780245237952669,0.8771127655469285,-0.0009117582483383346,0.5927218130487526,0.5904313287159937,-0.002290484332758913,0.8829101639852565,suppression
44,screw/test/manipulated_front/003.png,manipulated_front,289,0.0057597257653061226,3.7596563946417048,2.490555463777694,-1.2691009308640107,1.705080665329123,1.1060807206637062,2.0545757293125817,1.3844747431139879,-0.6701009861985938,0.9141932393506903,0.9345371751230445,0.02034393577235416,0.7144023000631948,0.7819345076273764,0.06753220756418155,0.954617134046867,improvement_or_tie
45,screw/test/manipulated_front/004.png,manipulated_front,139,0.0027702487244897957,3.7527341242316816,2.6144201498237445,-1.1383139744079371,1.7101808432694745,1.0270706154857987,2.042553280962207,1.5873495343379458,-0.45520374662426133,0.9254712663707992,0.9821527034023599,0.0566814370315607,0.7520290620432487,0.9406388912492525,0.18860982920600378,0.9072234014580016,improvement_or_tie
46,screw/test/manipulated_front/005.png,manipulated_front,190,0.003786670918367347,3.3874030753185873,2.8987600150861237,-0.4886430602324636,1.7187963973085252,1.0329134045829436,1.6686066780100621,1.8658466105031801,0.197239932493118,0.8963258133329964,0.9756959317029821,0.07937011836998564,0.6550955320121212,0.9190634781247522,0.26396794611263097,0.9224729471026186,improvement_or_tie
47,screw/test/manipulated_front/006.png,manipulated_front,222,0.004424426020408163,3.142270643431861,2.1455400392815873,-0.9967306041502737,1.6635913270447964,0.9449059971256492,1.4786793163870646,1.2006340421559383,-0.27804527423112635,0.8791690156746008,0.9663962016226099,0.08722718594800905,0.597814403665787,0.8875892247293937,0.28977482106360675,0.8981369305670219,improvement_or_tie
48,screw/test/manipulated_front/007.png,manipulated_front,309,0.006158322704081632,3.845823358177753,2.4514710532808768,-1.3943523048968762,1.7152378837736504,1.048386548911014,2.1305854744041026,1.4030845043698628,-0.7275009700342399,0.919426256366206,0.9477688969811803,0.028342640614974268,0.7314204219037094,0.8262485006233085,0.09482807871959908,0.9171449075855164,improvement_or_tie
49,screw/test/manipulated_front/008.png,manipulated_front,207,0.00412547831632653,3.326680638363972,2.559981992279274,-0.7666986460846981,1.616642649037181,0.9588274272888718,1.710037989326791,1.6011545649904022,-0.10888342433638876,0.9081094046424726,0.9876806711948848,0.0795712665524122,0.7610877897735749,0.9192554198417834,0.15816763006820844,0.8827619545699742,improvement_or_tie
50,screw/test/manipulated_front/009.png,manipulated_front,417,0.008310746173469387,3.7487437359148936,2.280393515559409,-1.4683502203554846,1.6932373707950632,0.9795548254898209,2.0555063651198306,1.3008386900695883,-0.7546676750502423,0.9231056763142712,0.9731818154873396,0.05007613917306841,0.7434981133443694,0.9106436428862899,0.1671455295419204,0.8945379121539465,improvement_or_tie
51,screw/test/manipulated_front/010.png,manipulated_front,218,0.004344706632653061,3.6687461870525957,1.983180382382979,-1.6855658046696167,1.6685272681766317,1.018398637346137,2.000218918875964,0.9647817450368421,-1.035437173839122,0.9163317370077103,0.921944708784737,0.005612971777026687,0.7212854516448252,0.7400642227544532,0.018778771109628,0.8914879951416625,improvement_or_tie
52,screw/test/manipulated_front/011.png,manipulated_front,195,0.0038863201530612247,3.0051521961505596,1.976144968546354,-1.0290072276042057,1.6449545686001112,1.0106815727183243,1.3601976275504484,0.9654633958280296,-0.3947342317224187,0.8780311390123119,0.9413446853394033,0.06331354632709141,0.593767340991286,0.8046895427099904,0.21092220171870435,0.8723560967620483,improvement_or_tie
53,screw/test/manipulated_front/012.png,manipulated_front,66,0.0013153698979591836,3.1391831744800913,1.730345489400806,-1.4088376850792854,1.6928239297460022,1.1483243319757372,1.4463592447340892,0.5820211574250687,-0.8643380873090205,0.8987920514262562,0.8727103402816834,-0.026081711144572806,0.6625262805665918,0.5759475618286235,-0.0865787187379683,0.8761128183982264,suppression
54,screw/test/manipulated_front/013.png,manipulated_front,194,0.003866390306122449,4.021501767266657,2.353720587553437,-1.66778117971322,1.6374266995729354,0.9697862176609103,2.384075067693722,1.3839343698925268,-1.000140697801195,0.9567736137586851,0.9879810339969812,0.031207420238296146,0.8554311167140446,0.9602762492779188,0.10484513256387418,0.9141512811793046,improvement_or_tie
55,screw/test/manipulated_front/014.png,manipulated_front,208,0.004145408163265306,3.275297213059205,2.080425029190687,-1.194872183868518,1.7164105093008217,1.0466294411833454,1.5588867037583833,1.0337955880073417,-0.5250911157510416,0.8938008787162245,0.9499146761619744,0.05611379744574996,0.6474082823161885,0.8332718196055732,0.18586353728938465,0.8687854507758618,improvement_or_tie
56,screw/test/manipulated_front/015.png,manipulated_front,253,0.005042251275510204,3.5799908647424146,2.2380310867143716,-1.341959778028043,1.6641639124876608,1.080285006651172,1.9158269522547537,1.1577460800631996,-0.7580808721915542,0.9124134170575255,0.9242643156627214,0.011850898605195836,0.707737135214581,0.7479273548986124,0.04019021968403136,0.9225680037354674,improvement_or_tie
57,screw/test/manipulated_front/016.png,manipulated_front,433,0.008629623724489796,3.9710863247754666,2.35337697909005,-1.6177093456854168,1.6129461547924013,1.020925396732117,2.3581401699830655,1.3324515823579328,-1.0256885876251327,0.9361648898432632,0.9381969744811658,0.002032084637902609,0.7871559430561617,0.7939153979708201,0.006759454914658458,0.9163463153376389,improvement_or_tie
58,screw/test/manipulated_front/017.png,manipulated_front,88,0.001753826530612245,2.2537040900100362,1.4287550733848051,-0.8249490166252311,1.580157924623768,0.9874825102212097,0.6735461653862682,0.4412725631635954,-0.2322736022226728,0.8030527634998765,0.8660518850459554,0.0629991215460789,0.36029852610919927,0.5605039092151222,0.2002053831059229,0.8806912738995876,improvement_or_tie
59,screw/test/manipulated_front/018.png,manipulated_front,102,0.002032844387755102,2.802415424702214,2.0412455224523356,-0.7611699022498786,1.7528140348534322,1.2645936495384817,1.049601389848782,0.7766518729138538,-0.2729495169349281,0.8441283371198861,0.8801982869275041,0.03606994980761802,0.4803445802173567,0.6006909773535168,0.12034639713616013,0.9335863030059817,improvement_or_tie
60,screw/test/manipulated_front/019.png,manipulated_front,67,0.0013352997448979591,2.5805922195092954,1.62804999992029,-0.9525422195890054,1.6931888867582896,1.1586990681276887,0.8874033327510058,0.46935093179260123,-0.41805240095840457,0.828813485109923,0.8554926379894814,0.026679152879558354,0.43010654683238303,0.5178818633091303,0.0877753164767473,0.9279357239064221,improvement_or_tie
61,screw/test/manipulated_front/020.png,manipulated_front,85,0.0016940369897959183,2.53952718482298,1.4946343982920927,-1.0448927865308875,1.6689440636529305,0.9862131631455751,0.8705831211700497,0.5084212351465176,-0.36216188602353205,0.8355827687725986,0.9018222129841336,0.06623944421153494,0.23650048182149758,0.45624063410941296,0.21974015228791538,0.8586162624372686,improvement_or_tie
62,screw/test/manipulated_front/021.png,manipulated_front,97,0.0019331951530612245,2.784749971222632,1.8199659327870792,-0.9647840384355526,1.6287998265923158,1.0671975036235413,1.155950144630316,0.7527684291635379,-0.40318171546677806,0.8757093688878788,0.9189081251622436,0.04319875627436487,0.34558605736270026,0.5103885166991708,0.16480245933647059,0.8851903599104182,improvement_or_tie
63,screw/test/manipulated_front/022.png,manipulated_front,93,0.0018534757653061226,2.9725289742151895,1.7017542277612994,-1.27077474645389,1.7228087179985057,1.0137779668925315,1.2497202562166838,0.6879762608687678,-0.561743995347916,0.8549936138268539,0.906783771197876,0.051790157371022105,0.5168235782364715,0.6886004358213393,0.17177685758486783,0.8400172605109154,improvement_or_tie
64,screw/test/manipulated_front/023.png,manipulated_front,112,0.002232142857142857,2.4569889370884215,1.9670618389333998,-0.48992709815502167,1.7968892003619403,1.217359139748601,0.6600997367264811,0.7497026991847988,0.08960296245831767,0.7761399337419531,0.8719822555700132,0.09584232182806007,0.2536413509755132,0.5732792382892754,0.3196378873137622,0.9391192992632913,improvement_or_tie
65,screw/test/scratch_head/000.png,scratch_head,171,0.0034080038265306123,3.465561995032238,2.5628428835617867,-0.9027191114704514,1.65310883217246,1.0636819481200044,1.812453162859778,1.4991609354417823,-0.3132922274179957,0.9393006898140596,0.9948973523700262,0.055596662555966625,0.7975563067474929,0.9813663857785759,0.18381007903108304,0.8552106713653553,improvement_or_tie
66,screw/test/scratch_head/001.png,scratch_head,192,0.003826530612244898,4.3087512242297334,3.633651837706566,-0.6750993865231676,1.6322293352781676,1.0661581150979333,2.676521888951566,2.5674937226086323,-0.10902816634293355,0.9768404014284571,0.9987043249673229,0.021863923538865793,0.9232832631442062,0.99332008464931,0.07003682150510382,0.8993700468999714,improvement_or_tie
67,screw/test/scratch_head/002.png,scratch_head,187,0.0037268813775510204,3.8527057655354873,2.966600908952601,-0.8861048565828864,1.6847166493029782,0.9968982723791636,2.1679891162325093,1.9697026365734374,-0.19828647965907198,0.9401764644906372,0.9923083613154252,0.05213189682478803,0.8003086525737979,0.9728155880568234,0.17250693548302554,0.8752992828763365,improvement_or_tie
68,screw/test/scratch_head/003.png,scratch_head,110,0.002192283163265306,3.515987684509971,2.561603138663552,-0.9543845458464189,1.6665102584614992,1.0998476784083582,1.8494774260484717,1.4617554602551939,-0.3877219657932778,0.9234953497746611,0.9584172528625851,0.03492190308792398,0.7448558811459782,0.8616435396186125,0.11678765847263428,0.9076959803639647,improvement_or_tie
69,screw/test/scratch_head/004.png,scratch_head,187,0.0037268813775510204,4.453036321038231,2.6623668759901893,-1.7906694450480414,1.6874250737242729,0.9456051591516301,2.7656112473139576,1.7167617168385592,-1.0488495304753984,0.9683698328070678,0.9936736884253573,0.025303855618289517,0.8948925626382903,0.9769100717309325,0.08201750909264216,0.8950539197688764,improvement_or_tie
70,screw/test/scratch_head/005.png,scratch_head,86,0.0017139668367346938,3.3086499474769413,1.7355939648872198,-1.5730559825897215,1.8484553688019663,1.2179530655476214,1.460194578674975,0.5176408993395984,-0.9425536793353766,0.8785242377673675,0.8478863626866988,-0.03063787508066873,0.5958236414763504,0.49262915898669213,-0.10319448248965823,0.9586862788077118,suppression
71,screw/test/scratch_head/006.png,scratch_head,163,0.003248565051020408,3.919962619711285,3.3135800756559783,-0.6063825440553066,1.7138637782258697,1.0532943814846316,2.2060988414854155,2.2602856941713467,0.054186852685931264,0.9424768578574478,0.9980251760309191,0.05554831817347128,0.8084189317321464,0.991240109882269,0.18282117815012255,0.8865274275921092,improvement_or_tie
72,screw/test/scratch_head/007.png,scratch_head,170,0.0033880739795918366,3.603538386961993,3.1049863436642817,-0.4985520432977113,1.7146686461818545,1.2378209748623519,1.8888697407801385,1.8671653688019298,-0.021704371978208625,0.9235827583042976,0.9858340528548339,0.06225129455053635,0.7456150359996015,0.9520524203762215,0.20643738437661996,0.9396307159775197,improvement_or_tie
73,screw/test/scratch_head/008.png,scratch_head,188,0.0037468112244897957,4.303826204005708,3.105306249983767,-1.1985199540219411,1.7271032028101134,1.0506515473284164,2.576723001195595,2.054654702655351,-0.5220682985402441,0.9597639603717658,0.9917141816163538,0.03195022124458802,0.8660169575449882,0.9708247355251786,0.10480777798019036,0.8902342176742003,improvement_or_tie
74,screw/test/scratch_head/009.png,scratch_head,201,0.0040058992346938774,3.779830481875595,3.410805890809244,-0.369024591066351,1.720575244374249,1.1191927755573738,2.059255237501346,2.29161311525187,0.2323578777505242,0.9245629780064162,0.9826989116448772,0.058135933638461035,0.7481279611613436,0.9416620416344159,0.1935340804730723,0.8662183120910127,improvement_or_tie
75,screw/test/scratch_head/010.png,scratch_head,139,0.0027702487244897957,4.698858130750039,2.77509085737544,-1.9237672733745987,1.8147034992979811,1.1765027447260668,2.8841546314520574,1.5985881126493733,-1.2855665188026841,0.9599154179863736,0.9657958146942486,0.005880396707874991,0.8663820906821518,0.8857631923120296,0.019381101629877828,0.9300560879304242,improvement_or_tie
76,screw/test/scratch_head/011.png,scratch_head,173,0.0034478635204081634,4.870810249637317,4.059969156463711,-0.8108410931736056,1.755172907196052,1.21588188426881,3.1156373424412647,2.8440872721949013,-0.27155007024636335,0.9783486979220554,0.9965345431875243,0.01818584526546896,0.9279808144073975,0.9864114126177478,0.05843059821035024,0.9242748516012975,improvement_or_tie
77,screw/test/scratch_head/012.png,scratch_head,221,0.004404496173469388,4.111370817029099,3.1654348599964677,-0.9459359570326309,1.6923927270713457,1.0322593749702997,2.418978089957753,2.133175485026168,-0.2858026049315847,0.9800293567378061,0.997272930252612,0.017243573514805877,0.9333055858870267,0.9895781014375986,0.05627251555057189,0.8449220550537855,improvement_or_tie
78,screw/test/scratch_head/013.png,scratch_head,125,0.0024912308673469387,3.7792250270843506,3.288161422729492,-0.49106360435485863,1.786929482611735,1.118017518836057,1.9922955444726156,2.170143903893435,0.17784835942081956,0.9288269964636071,0.9978514714990709,0.06902447503546383,0.7633645681404967,0.9897491225616538,0.22638455442115712,0.8457191951170974,improvement_or_tie
79,screw/test/scratch_head/014.png,scratch_head,152,0.0030293367346938774,3.1316301273672202,2.9495191276073456,-0.18211099975987466,1.7521684193188631,1.2450779583781728,1.379461708048357,1.7044411692291728,0.32497946118081567,0.8856691551213313,0.9511263540868804,0.06545719896554913,0.6188165207016421,0.8373903333417503,0.21857381264010822,0.9340279640622997,improvement_or_tie
80,screw/test/scratch_head/015.png,scratch_head,223,0.004444355867346939,4.367200328630182,3.5417073499996032,-0.8254929786305789,1.81672909336317,1.2127415127174477,2.550471235267012,2.328965837282156,-0.22150539798485624,0.9546962485543586,0.986220589955455,0.03152434140109639,0.8486831732441349,0.9541316221403575,0.10544844889622262,0.881244522161909,improvement_or_tie
81,screw/test/scratch_head/016.png,scratch_head,129,0.002570950255102041,4.301043532615484,3.617945373520371,-0.6830981590951133,1.7204640490821965,1.1817691890153599,2.5805794835332874,2.436176184505011,-0.14440329902827642,0.9811228607899273,0.9991183481326004,0.01799548734267309,0.937719783713387,0.9943939002247448,0.056674116511357786,0.8996207858537926,improvement_or_tie
82,screw/test/scratch_head/017.png,scratch_head,156,0.0031090561224489796,3.4179150737248936,2.3767054195587454,-1.0412096541661482,1.7804915648145896,1.114606313901644,1.637423508910304,1.2620991056571014,-0.3753244032532026,0.907785219245635,0.9457870697874696,0.03800185054183458,0.6919119104494954,0.8200162242795189,0.12810431383002352,0.8699267550156566,improvement_or_tie
83,screw/test/scratch_head/018.png,scratch_head,244,0.004862882653061225,3.3651814138303036,2.945398555915864,-0.4197828579144396,1.6674809385997396,1.0640382830181594,1.697700475230564,1.8813602728977046,0.18365979766714058,0.9034230816205121,0.9625133624352069,0.05909028081469481,0.6782134632061353,0.8750286728748913,0.19681520966875599,0.9117126697556448,improvement_or_tie
84,screw/test/scratch_head/019.png,scratch_head,164,0.003268494897959184,3.5361626104610724,3.1182994609925805,-0.4178631494684919,1.74924775645927,1.0854308399494186,1.7869148540018023,2.032868621043162,0.24595376704135963,0.9090189086326599,0.9925493491318181,0.08353044049915825,0.6967811058679251,0.9739466999464843,0.27716559407855923,0.8866499485662257,improvement_or_tie
85,screw/test/scratch_head/020.png,scratch_head,153,0.003049266581632653,3.7956812007754457,3.152124696307712,-0.6435565044677336,1.6741872156686075,1.1805899264616555,2.121493985106838,1.9715347698460566,-0.14995921526078138,0.9380392209126286,0.9756114801570362,0.03757225924440766,0.792487830325719,0.9187870311682769,0.12629920084255786,0.9466313856477278,improvement_or_tie
86,screw/test/scratch_head/021.png,scratch_head,125,0.0024912308673469387,4.083030145645141,2.790639715194702,-1.292390430450439,1.7037665832025068,1.1592903336012237,2.3792635624426346,1.6313493815934785,-0.7479141808491561,0.9456607060797986,0.9495720764819884,0.003911370402189807,0.819055763121616,0.8317244410701085,0.012668677948492468,0.9136574850491103,improvement_or_tie
87,screw/test/scratch_head/022.png,scratch_head,89,0.0017737563775510204,3.4291444226597134,2.488803035757515,-0.9403413869021984,1.6953234898138907,1.2384420595568535,1.7338209328458227,1.2503609762006616,-0.48345995664516117,0.904966257588201,0.9202966613373629,0.015330403749161836,0.6825564715896213,0.7343263171519758,0.05176984556235453,0.9230124390366601,improvement_or_tie
88,screw/test/scratch_head/023.png,scratch_head,153,0.003049266581632653,3.832282772251204,3.0677000214071835,-0.7645827508440206,1.7310525058366673,1.059931836138923,2.101230266414537,2.0077681852682607,-0.09346208114627608,0.9329462695526071,0.9969766848426195,0.06403041529001241,0.7761132275667354,0.9874323606348051,0.2113191330680697,0.9002422805556745,improvement_or_tie
89,screw/test/scratch_neck/000.png,scratch_neck,175,0.0034877232142857145,2.9569140461512973,2.558346390724182,-0.39856765542711514,1.6114089008179981,0.962386405175811,1.3455051453332991,1.595959985548371,0.2504548402150719,0.8801013122594691,0.9740420048741882,0.09394069261471916,0.6000830459581284,0.9135135392530244,0.3134304932948959,0.8822575688364961,improvement_or_tie
90,screw/test/scratch_neck/001.png,scratch_neck,463,0.00922751913265306,4.8236207457392055,3.8112708152499106,-1.012349930489295,1.7217312522736552,1.0969773986702476,3.10188949346555,2.714293416579663,-0.38759607688588726,0.9793654236223047,0.998217413743223,0.018851990120918316,0.9312509528234181,0.993302738424098,0.06205178560067992,0.9237628483407714,improvement_or_tie
91,screw/test/scratch_neck/002.png,scratch_neck,183,0.0036471619897959183,3.842452833561298,2.842911320305913,-0.9995415132553851,1.785551849297445,1.1421847126632378,2.0569009842638533,1.700726607642675,-0.35617437662117823,0.9421625038434343,0.9902704411404482,0.0481079372970139,0.8078568886711535,0.9657401945197647,0.1578833058486112,0.8839302363802658,improvement_or_tie
92,screw/test/scratch_neck/003.png,scratch_neck,164,0.003268494897959184,5.060968545878806,4.690028844810113,-0.3709397010686928,1.7590313735802008,1.110732349484806,3.3019371722986053,3.5792964953253072,0.27735932302670196,0.9739019952284622,0.9971120345751167,0.023210039346654443,0.9131119100521564,0.9882064889792302,0.07509457892707383,0.8762745698840094,improvement_or_tie
93,screw/test/scratch_neck/004.png,scratch_neck,236,0.00470344387755102,4.294002510733524,3.3925429067369235,-0.9014596039966003,1.6859929055202278,1.0688273070503174,2.608009605213296,2.323715599686606,-0.2842940055266898,0.9609630709393645,0.9951946573175947,0.034231586378230205,0.8701786776900643,0.9821868162699193,0.11200813857985503,0.8966099152399299,improvement_or_tie
94,screw/test/scratch_neck/005.png,scratch_neck,134,0.0026705994897959183,3.4966139384170076,2.208904910443434,-1.2877090279735737,1.7227880761511516,1.085940029383525,1.773825862265856,1.1229648810599089,-0.6508609812059472,0.9265898734615162,0.9518629724166029,0.02527309895508667,0.754262402189506,0.8440563052278729,0.08979390303836687,0.8994134269904573,improvement_or_tie
95,screw/test/scratch_neck/006.png,scratch_neck,299,0.0059590242346938774,3.521402296812638,3.1769415622570842,-0.3444607345555539,1.7817405652774136,1.1512263178745312,1.7396617315352245,2.0257152443825532,0.2860535128473287,0.9030114415911302,0.9913950860923892,0.08838364450125902,0.6788356499416086,0.9696013749519716,0.290765725010363,0.8343809618564102,improvement_or_tie
96,screw/test/scratch_neck/007.png,scratch_neck,194,0.003866390306122449,4.876645857525855,3.8583120218257316,-1.018333835700123,1.739251511201944,1.1490422999617131,3.1373943463239105,2.7092697218640183,-0.4281246244598922,0.9698848286414037,0.9952045623022227,0.025319733660818966,0.8995829220168746,0.9817264111987533,0.08214348918187864,0.9187996023524762,improvement_or_tie
97,screw/test/scratch_neck/008.png,scratch_neck,284,0.005660076530612245,4.746233157708612,4.828394114131659,0.08216095642304744,1.7274748701750062,1.2751190952014677,3.0187582875336054,3.5532750189301914,0.534516731396586,0.9780510409526831,0.9992753361345013,0.02122429518181812,0.9265533270173434,0.9963045765708389,0.06975124955349554,0.9177754028902843,improvement_or_tie
98,screw/test/scratch_neck/009.png,scratch_neck,160,0.0031887755102040817,5.382141506671905,4.668988005816937,-0.7131535008549683,1.7944665435095029,1.2968711614232185,3.587674963162402,3.3721168443937186,-0.21555811876868347,0.9984821107245682,0.999085917506398,0.0006038067818298076,0.9921956224008318,0.9945265431728514,0.0023309207720195735,0.9426095735246653,improvement_or_tie
99,screw/test/scratch_neck/010.png,scratch_neck,290,0.005779655612244898,3.476101481503454,2.6616624182668227,-0.8144390632366312,1.6363462451257706,1.0954078594620316,1.8397552363776832,1.5662545588047911,-0.2735006775728921,0.9341902987086419,0.9740106753743363,0.03982037666569438,0.7809482631894974,0.9119598431550371,0.1310115799655397,0.851956341470028,improvement_or_tie
100,screw/test/scratch_neck/011.png,scratch_neck,102,0.002032844387755102,3.8071216812320783,2.8737356662750244,-0.9333860149570539,1.806789697573561,1.0982861098366437,2.0003319836585174,1.7754495564383808,-0.22488242722013663,0.9206014314500813,0.9834251190590867,0.06282368760900536,0.7347954439194697,0.9446374920672959,0.20984204814782614,0.8805395124727065,improvement_or_tie
101,screw/test/scratch_neck/012.png,scratch_neck,222,0.004424426020408163,4.067470728814065,3.277496583826907,-0.7899741449871582,1.6864662190154478,1.0803682155593644,2.3810045097986174,2.197128368267543,-0.18387614153107457,0.9531227738528455,0.9922399778967822,0.039117204043936704,0.8439743242461744,0.9727713460347484,0.128797021788574,0.9098731536290882,improvement_or_tie
102,screw/test/scratch_neck/013.png,scratch_neck,201,0.0040058992346938774,5.4644639076878185,4.168626504157906,-1.2958374035299123,1.8600233767079137,1.2058182879410249,3.604440530979905,2.9628082162168816,-0.6416323147630232,0.98447064328184,0.9968255769675882,0.012354933685748248,0.9467483327069837,0.9877520849977227,0.04100375229073905,0.9302876289321967,improvement_or_tie
103,screw/test/scratch_neck/014.png,scratch_neck,187,0.0037268813775510204,4.583628470884925,3.4710403240938237,-1.1125881467911012,1.8048459358975244,1.2139572055122472,2.7787825349874007,2.2570831185815763,-0.5216994164058244,0.9594618837534632,0.9882320634603784,0.0287701797069152,0.8648963021419078,0.9599311135437316,0.0950348114018238,0.9286625698106542,improvement_or_tie
104,screw/test/scratch_neck/015.png,scratch_neck,187,0.0037268813775510204,5.26385573014856,4.824014731269469,-0.4398409988790908,1.803005346449151,1.164831599852023,3.460850383699409,3.6591831314174463,0.19833274771803744,0.9710464109590741,0.9981895482246737,0.02714313726559958,0.903923248141329,0.9921294627777113,0.08820621463638234,0.8947808554886527,improvement_or_tie
105,screw/test/scratch_neck/016.png,scratch_neck,245,0.0048828125,5.39648254939488,4.122916425977435,-1.273566123417445,1.7797949941857683,1.1013541603451396,3.6166875552091113,3.021562265632295,-0.5951252895768162,0.9961329491841598,0.9993704781986897,0.003237529014529894,0.9848274973204518,0.9966914886761419,0.011863991355690051,0.866867133327208,improvement_or_tie
106,screw/test/scratch_neck/017.png,scratch_neck,235,0.004683514030612245,4.0451887384374094,2.8826183024873124,-1.162570435950097,1.7464424364955191,1.1317563177450636,2.2987463019418906,1.7508619847422489,-0.5478843171996417,0.938913108957932,0.9880675367145998,0.049154427756667785,0.796147397191097,0.9586372912945076,0.16248989410341064,0.9242897358984911,improvement_or_tie
107,screw/test/scratch_neck/018.png,scratch_neck,205,0.00408561862244898,4.446884897278577,3.86853936358196,-0.5783455336966168,1.6725148782371122,1.0806347072826434,2.7743700190414646,2.7879046562993164,0.013534637257851756,0.9784946488475511,0.9992448302942536,0.020750181446702487,0.9278960658970822,0.9952824670829407,0.06738640118585848,0.9205778175767984,improvement_or_tie
108,screw/test/scratch_neck/019.png,scratch_neck,257,0.005121970663265306,5.125387774367277,4.753113277227499,-0.3722744971397782,1.7613619811416936,1.2132740037208634,3.3640257932255833,3.5398392735066353,0.17581348028105204,0.9896622411575234,0.998088498698631,0.008426257541107596,0.9695823043618123,0.9873854199413151,0.01780311557950287,0.9280948959000255,improvement_or_tie
109,screw/test/scratch_neck/020.png,scratch_neck,465,0.009267378826530613,4.7175039599018715,3.687067610730407,-1.0304363491714645,1.7025455237678924,1.0919620147009506,3.014958436133979,2.5951055960294562,-0.41985284010452295,0.9823145955666764,0.9964859684676354,0.014171372900958934,0.9384732115162566,0.987172884591756,0.04869967307549938,0.9222166199256209,improvement_or_tie
110,screw/test/scratch_neck/021.png,scratch_neck,170,0.0033880739795918366,5.046505661571727,3.5872524107203763,-1.4592532508513507,1.7447818146389575,1.1138226278679006,3.301723846932769,2.4734297828524756,-0.8282940640802936,0.9870762567315452,0.9945072473656102,0.007430990634065049,0.9561848656592581,0.979431095719494,0.02324623006023596,0.9045185552999386,improvement_or_tie
111,screw/test/scratch_neck/022.png,scratch_neck,65,0.001295440051020408,4.207531063373272,3.548633182965792,-0.6588978804074803,1.7432762952464387,1.072572934478792,2.4642547681268336,2.4760602484870002,0.011805480360166598,0.9519012407839212,0.9991305455734424,0.04722930478952114,0.8393346258485648,0.9937779155914894,0.15444328974292465,0.8782272349850855,improvement_or_tie
112,screw/test/scratch_neck/023.png,scratch_neck,110,0.002192283163265306,3.8881117517297916,2.5292962247675117,-1.35881552696228,1.6015185474711306,0.9707174455611661,2.286593204258661,1.5585787792063455,-0.7280144250523155,0.9562140701546685,0.9888928432650719,0.03267877311040335,0.8541504002595361,0.9612260301250835,0.1070756298655473,0.8976358714772377,improvement_or_tie
113,screw/test/scratch_neck/024.png,scratch_neck,203,0.004045758928571429,5.526229064452824,4.3199722661173405,-1.2062567983354837,1.8076156270472867,1.2084608328999518,3.7186134374055375,3.1115114332173888,-0.6071020041881487,0.9955606076542417,0.9967893992805376,0.0012287916262958554,0.9832275602881385,0.987086458543114,0.00385889825497554,0.9393736309211453,improvement_or_tie
114,screw/test/thread_side/000.png,thread_side,99,0.0019730548469387753,4.54213195376926,2.2773461606767444,-2.264785793092516,1.6921905019938794,1.1469125326057876,2.849941451775381,1.1304336280709568,-1.7195078237044241,0.9690569452336332,0.9407062618516979,-0.02835068338193525,0.8932239047633839,0.8044049273906544,-0.08881897737272948,0.8763303848118446,suppression
115,screw/test/thread_side/001.png,thread_side,375,0.007473692602040816,4.031093301773072,3.100164799054464,-0.9309285027186078,1.7223826356620995,1.2197714243656814,2.308710666110972,1.8803933746887824,-0.42831729142218977,0.9407270804468452,0.9664034591005536,0.02567637865370842,0.7400343169483542,0.8272400054066144,0.08720568845826016,0.9187717983959416,improvement_or_tie
116,screw/test/thread_side/002.png,thread_side,144,0.0028698979591836736,3.789493734637896,2.799047067761421,-0.9904466668764749,1.6586907033769513,1.0686793973184538,2.1308030312609447,1.7303676704429674,-0.40043536081797737,0.9412868819511069,0.9747915500746189,0.03350466812351205,0.8036897255321811,0.9148250047505828,0.11113527921840172,0.91626549342969,improvement_or_tie
117,screw/test/thread_side/003.png,thread_side,125,0.0024912308673469387,3.7916250324249265,2.4283877058029173,-1.3632373266220092,1.7368211177753088,1.0705411876051918,2.054803914649618,1.3578465181977255,-0.6969573964518925,0.9009210605182714,0.9437478571856707,0.0428267966673993,0.7407752270737678,0.8312884694740419,0.09051324240027414,0.9231818435886657,improvement_or_tie
118,screw/test/thread_side/004.png,thread_side,93,0.0018534757653061226,4.385734722178469,1.9994509886669856,-2.3862837335114837,1.6808884719468258,0.9874835112364297,2.7048462502316433,1.0119674774305558,-1.6928787728010875,0.9593895638616241,0.9526173648517654,-0.006772199009858704,0.8803336887167006,0.8690847942137964,-0.011248894502904228,0.9210702161885962,suppression
119,screw/test/thread_side/005.png,thread_side,169,0.0033681441326530613,4.225391239809567,2.8412896161954078,-1.3841016236141592,1.5674446214504543,1.008472959429391,2.6579466183591127,1.8328166567660167,-0.825129961593096,0.9721559691702333,0.9845097426005329,0.012353773430299642,0.9072498686475805,0.9484815715543414,0.041231702906760925,0.918933936343824,improvement_or_tie
120,screw/test/thread_side/006.png,thread_side,296,0.005899234693877551,3.7653946167713888,2.184642391833099,-1.5807522249382897,1.597607654291291,0.9959839807367722,2.167786962480098,1.188658411096327,-0.9791285513837709,0.9507871594529573,0.9569918480027743,0.006204688549816928,0.9289938419934579,0.8608063356767667,-0.06818750631669124,0.8976250146548549,suppression
121,screw/test/thread_side/007.png,thread_side,244,0.004862882653061225,3.9616862594104205,2.3067253769421185,-1.654960882468302,1.6828501607787314,1.0849385706412837,2.278836098631689,1.2217868063008348,-1.0570492923308543,0.9507556506356842,0.9472977511711009,-0.0034578994645833028,0.8227046792536626,0.8815806750919974,0.058875995838334805,0.8639054027594735,improvement_or_tie
122,screw/test/thread_side/008.png,thread_side,173,0.0034478635204081634,3.4057741454570967,2.2708341214009105,-1.1349400240561862,1.7172760149044979,1.1328727696574077,1.6884981305525988,1.1379613517435028,-0.550536778809096,0.9297222513470002,0.9456804846044498,0.015958233257449606,0.7656599178230423,0.8188233946810975,0.053163476858055225,0.8774841544489302,improvement_or_tie
123,screw/test/thread_side/009.png,thread_side,159,0.003168845663265306,4.023801911551997,2.202003224840704,-1.821798686711293,1.661072319200284,1.037563000415901,2.3627295923517133,1.164440224424803,-1.1982893679269102,0.9510073493251289,0.9522676755311998,0.001260326206070972,0.8367689157594176,0.8413097198943974,0.0045408041349798145,0.9174183103707535,improvement_or_tie
124,screw/test/thread_side/010.png,thread_side,192,0.003826530612244898,3.6465243560572467,2.1532055462400117,-1.493318809817235,1.5994563320002944,1.1340252299734634,2.0470680240569523,1.0191803162665483,-1.027887707790404,0.9456630288358941,0.9002545397860648,-0.045408489049829304,0.819006839132967,0.6663777895037523,-0.15262904962921475,0.9295097285868649,suppression
125,screw/test/thread_side/011.png,thread_side,107,0.0021324936224489796,4.1227334615226106,2.783444319930032,-1.3392891415925785,1.7141631875694514,1.1729776114990251,2.408570273953159,1.610466708431007,-0.798103565522152,0.9620187692386376,0.9728804156805664,0.010861646441928774,0.8734506505632819,0.9099009721724207,0.03645032160913886,0.9169002183865809,improvement_or_tie
126,screw/test/thread_side/012.png,thread_side,267,0.005321269132653061,4.903591053316209,2.9973248890723183,-1.9062661642438905,1.7204040194267611,1.1718832105526562,3.183187033889448,1.825441678519662,-1.3577453553697858,0.9850772600890174,0.9841667640348881,-0.000910496054129295,0.9502002508485543,0.9472448095233701,-0.002955441325184216,0.8874956528828186,suppression
127,screw/test/thread_side/013.png,thread_side,102,0.002032844387755102,4.1415623262816785,2.178749633770363,-1.9628126925113154,1.6461022553284952,1.012386586623779,2.4954600709531833,1.1663630471465842,-1.329097023806599,0.9604356141146397,0.9582435642308207,-0.002192049883819047,0.8684045651651242,0.8610706481205204,-0.007333917044603844,0.8498106344347063,suppression
128,screw/test/thread_side/014.png,thread_side,169,0.0033681441326530613,4.207558408996762,2.5536899199852576,-1.6538684890115047,1.610082570228088,1.0465607240923924,2.5974758387686743,1.5071291958928652,-1.090346642875809,0.9816059479483523,0.9704676848199832,-0.011138263128369075,0.9387602500935865,0.9019107739117707,-0.03684947618181589,0.900474874336477,suppression
129,screw/test/thread_side/015.png,thread_side,187,0.0037268813775510204,3.7454333585851334,2.478967129227949,-1.2664662293571842,1.6873759059918263,1.1478530003591847,2.058057452593307,1.3311141288687645,-0.7269433237245426,0.9309852980489932,0.9406731513018426,0.009687853252849377,0.7699308464618009,0.8027073977665461,0.032776551304745216,0.9359630299135429,improvement_or_tie
130,screw/test/thread_side/016.png,thread_side,346,0.006895727040816327,4.266905562726059,2.6873161076121246,-1.5795894551139344,1.6863286939522313,1.2229240654101818,2.5805768687738277,1.4643920422019427,-1.116184826571885,0.9675240325778166,0.9505910848329406,-0.01693294774487597,0.8918428630368301,0.8357775782554713,-0.05606528478135886,0.9500939091185611,suppression
131,screw/test/thread_side/017.png,thread_side,179,0.003567442602040816,3.828228212601646,2.623815626405471,-1.2044125861961748,1.6711212941738887,1.129116645448565,2.157106918427757,1.494698980956906,-0.6624079374708511,0.9347441293404979,0.9433695630676389,0.008625433727140974,0.7309217327720268,0.7873508444188416,0.056429111646814856,0.8983483622703566,improvement_or_tie
132,screw/test/thread_side/018.png,thread_side,151,0.003009406887755102,4.376754089696518,2.327139201543189,-2.0496148881533287,1.6644826031827378,0.9957746188084166,2.71227148651378,1.3313645827347727,-1.3809069037790072,0.9730465892881374,0.9665850518449385,-0.006461537443198884,0.9103042297835631,0.8877325134342322,-0.02257171634933086,0.8860283561480177,suppression
133,screw/test/thread_side/019.png,thread_side,77,0.0015345982142857143,3.8366001178691915,1.6625596718354658,-2.1740404460337257,1.5992298978307522,0.9974510243716893,2.2373702200384393,0.6651086474637765,-1.572261572574663,0.9586252985322827,0.8925286374536858,-0.06609666107859691,0.8597372757495714,0.6728581113099766,-0.18687916443959474,0.8800791118574982,suppression
134,screw/test/thread_side/020.png,thread_side,104,0.002072704081632653,4.617342034211526,2.665881645220977,-1.951460388990549,1.710521533657035,1.0123830403463612,2.906820500554491,1.6534986048746156,-1.2533218956798753,0.9776608222620964,0.9892927261666278,0.011631903904531393,0.9258020373738739,0.9640332024448894,0.03823116507101554,0.9313776170424957,improvement_or_tie
135,screw/test/thread_side/021.png,thread_side,212,0.0042251275510204085,4.580916943415156,2.783666087771362,-1.797250855643794,1.584922703529841,1.033578592064695,2.9959942398853148,1.750087495706667,-1.2459067441786478,0.9883202698395676,0.981396322333212,-0.00692394750635561,0.9600581915834748,0.9377232424956032,-0.02233494908787159,0.9212065164142934,suppression
136,screw/test/thread_side/022.png,thread_side,244,0.004862882653061225,4.559795420677935,2.945729989497388,-1.6140654311805473,1.688870666769298,1.182015165158388,2.8709247539086373,1.7637148243390002,-1.1072099295696372,0.9723766125208972,0.9660700437841366,-0.006306568736760609,0.9076418792946386,0.8865850999982927,-0.021056779296345862,0.9468532482801963,suppression
137,screw/test/thread_top/000.png,thread_top,430,0.008569834183673469,5.183650517463684,3.212559402820676,-1.9710911146430083,1.6967286361441396,1.1302339323354764,3.486921881319545,2.0823254704851997,-1.4045964108343454,0.9909800390635591,0.9840185818375955,-0.006961457225963641,0.9689855473557611,0.9466464056009177,-0.022339141754843417,0.9299640002810234,suppression
138,screw/test/thread_top/001.png,thread_top,402,0.008011798469387755,4.452415417675948,3.6005502037741057,-0.8518652139018426,1.6885092653887688,1.1169059312095833,2.7639061522871797,2.4836442725645225,-0.28026187972265726,0.979075395913909,0.9935617948350425,0.014486398921133459,0.9304699697025247,0.977520948584784,0.04705097888225929,0.8637331021068014,improvement_or_tie
139,screw/test/thread_top/002.png,thread_top,374,0.007453762755102041,5.404672393186845,3.3097821525073945,-2.09489024067945,1.7223008728101907,1.0380087125836823,3.6823715203766536,2.271773439923712,-1.4105980804529414,0.9935521939608121,0.9936063120116088,5.4118050796692074e-05,0.9773573046232777,0.9784477189205797,0.0010904142973019448,0.9247192894079819,improvement_or_tie
140,screw/test/thread_top/003.png,thread_top,285,0.00568000637755102,4.687831328207986,2.6991137722082303,-1.9887175559997559,1.6756297180659117,1.0073498271919268,3.0122016101420748,1.6917639450163036,-1.3204376651257712,0.9649788117042521,0.9710965694688104,0.0061177577645582515,0.8834877576977459,0.903186255979556,0.01969849828181014,0.923829977786572,improvement_or_tie
141,screw/test/thread_top/004.png,thread_top,421,0.00839046556122449,4.236368200274941,2.8812757634210473,-1.355092436853894,1.6108210880697558,1.0684996585683144,2.6255471122051857,1.8127761048527329,-0.8127710073524528,0.9909210237049906,0.9885457745327401,-0.0023752491722505154,0.9684224672391155,0.9606944972566686,-0.007727969982446958,0.8877728950515931,suppression
142,screw/test/thread_top/005.png,thread_top,659,0.01313376913265306,5.13728259257373,3.631358397748655,-1.5059241948250754,1.6873182540460658,1.0932576460959604,3.4499643385276646,2.5381007516526948,-0.9118635868749698,0.982335981667889,0.9868650894499744,0.004529107782085373,0.9407004593048668,0.9556431363695606,0.014942677064693766,0.9322008737964756,improvement_or_tie
143,screw/test/thread_top/006.png,thread_top,478,0.009526466836734694,5.3362217872212625,3.412868962377684,-1.9233528248435787,1.6387445109704954,1.0464455658612133,3.6974772762507673,2.3664233965164705,-1.3310538797342968,0.9949743311526305,0.9936719459173575,-0.0013023852352729293,0.9825400790369367,0.9782966663978182,-0.004243412639118538,0.9094758571973103,suppression
144,screw/test/thread_top/007.png,thread_top,426,0.008490114795918368,4.884174148801347,3.5041014129567034,-1.3800727358446436,1.796255546215491,1.224852951944174,3.087918602585856,2.2792484610125294,-0.8086701415733266,0.9650912072097577,0.9832962228985302,0.01820501568877253,0.8838660438341944,0.9438107595882386,0.05994471575404414,0.9421892094939494,improvement_or_tie
145,screw/test/thread_top/008.png,thread_top,351,0.006995376275510204,4.9255572948021085,3.8133761977877714,-1.112181097014337,1.756207451090643,1.2568381723840811,3.1693498437114656,2.5565380254036905,-0.6128118183077751,0.9771847620517967,0.9910488418867747,0.01386407983497795,0.9238623882544271,0.9688272677066789,0.044964879452251805,0.9354505371973677,improvement_or_tie
146,screw/test/thread_top/009.png,thread_top,254,0.00506218112244898,4.482631536919301,2.4517746722604348,-2.030856864658866,1.6596432591888353,1.0292936601238722,2.8229882777304653,1.4224810121365625,-1.4005072655939028,0.9860241031126667,0.9868384443511405,0.0008143412384737925,0.9526019120010942,0.9554992139443569,0.0028973019432626534,0.830367827765313,improvement_or_tie
147,screw/test/thread_top/010.png,thread_top,336,0.006696428571428571,5.210870497283482,3.49460060326826,-1.716269894015222,1.7367087183696597,1.1575298538410597,3.474161778913822,2.3370707494272,-1.1370910294866219,0.9955182178208362,0.9948052816632271,-0.0007129361576090343,0.9841784384634003,0.9816071149901908,-0.0025713234732094303,0.9105263411485709,suppression
148,screw/test/thread_top/011.png,thread_top,319,0.006357621173469388,5.039697520037803,3.464687046959856,-1.5750104730779473,1.685731244199418,1.10379620333252,3.3539662758383852,2.3608908436273364,-0.9930754322110489,0.9907569504582479,0.9973858778426048,0.006628927384356942,0.9681448399056621,0.989941975953002,0.021797136047339905,0.8858602338920929,improvement_or_tie
149,screw/test/thread_top/012.png,thread_top,78,0.0015545280612244898,4.565226677136543,2.4497280365381484,-2.115498640598395,1.7087961446766469,0.9907949277806546,2.856430532459896,1.4589331087574937,-1.3974974237024025,0.9995664907038615,0.9838401348741083,-0.015726355829753236,0.9941870344381423,0.9448695940571865,-0.04931744038095576,0.828647563886877,suppression
150,screw/test/thread_top/013.png,thread_top,183,0.0036471619897959183,5.055257068957136,3.4419091620731876,-1.6133479068839485,1.6254693248119905,1.119795965158324,3.4297877441451456,2.322113196914864,-1.1076745472302818,0.985555245493932,0.9956379138981096,0.010082668404177597,0.9512631221922984,0.9844500998810143,0.033186977688715924,0.9260058715116946,improvement_or_tie
151,screw/test/thread_top/014.png,thread_top,311,0.006198182397959184,5.011082390113659,3.699145252681622,-1.3119371374320368,1.6240689255738705,1.0372931268725463,3.3870134645397885,2.6618521258090757,-0.7251613387307128,0.9933446672575439,0.9936384508268788,0.00029378356933495997,0.9771399928789511,0.9775066849840766,0.00036669210512541017,0.8826582857127587,improvement_or_tie
152,screw/test/thread_top/015.png,thread_top,236,0.00470344387755102,3.909693754325479,2.42652679954545,-1.483166954780029,1.7995604820510698,1.1454626873720395,2.110133272274409,1.2810641121734103,-0.8290691601009987,0.9480603419018075,0.9703971036430157,0.022336761741208133,0.827150065954852,0.901810138267616,0.07466007231276406,0.8531552640781451,improvement_or_tie
153,screw/test/thread_top/016.png,thread_top,255,0.005082110969387755,5.571720447727278,3.4323962940889245,-2.139324153638354,1.6748946934161748,1.0391349519805426,3.8968257543111036,2.393261342108382,-1.5035644122027216,0.9835287990318822,0.9768183533905139,-0.006710445641368246,0.944697458585873,0.9231487711368275,-0.02154868744904548,0.943731147780945,suppression
154,screw/test/thread_top/017.png,thread_top,73,0.0014548788265306123,4.958831643405026,3.2187269093239146,-1.7401047340811115,1.6820576627077277,1.1018655679871208,3.2767739806972984,2.1168613413367936,-1.1599126393605048,0.9940815071637359,0.9976377429618274,0.0035562357980915005,0.9802498177954326,0.9889337553680513,0.00868393757261865,0.9308134875156,improvement_or_tie
155,screw/test/thread_top/018.png,thread_top,350,0.006975446428571429,4.020261541094099,2.79047086920057,-1.2297906718935288,1.6254374553312891,1.0087425122279399,2.39482408576281,1.7817283569726303,-0.6130957287901797,0.9668461675201129,0.9917738874139147,0.024927719893801825,0.889350845704958,0.9714753054916825,0.08212445978672445,0.9018490422148507,improvement_or_tie
156,screw/test/thread_top/019.png,thread_top,485,0.009665975765306123,5.627943334874419,3.8021858564357167,-1.8257574784387023,1.7270703023367309,1.055753800881031,3.900873032537688,2.7464320555546857,-1.1544409769830022,0.991356811901676,0.9959472426191803,0.004590430717504312,0.9702231266892627,0.9857714489981072,0.015548322308844509,0.9130645303982674,improvement_or_tie
157,screw/test/thread_top/020.png,thread_top,424,0.008450255102040817,5.061119099832931,3.18072435540973,-1.8803947444232008,1.59124975007379,1.0735423821263455,3.469869349759141,2.1071819732833847,-1.362687376475756,0.9929732605800241,0.9852599554166022,-0.007713305163421946,0.9759164733809252,0.9501815166749088,-0.025734956706016443,0.9101678751619297,suppression
158,screw/test/thread_top/021.png,thread_top,333,0.006636639030612245,4.623170937145795,3.1588965822626522,-1.4642743548831425,1.5740858706381515,1.0287165634762052,3.049085066507643,2.1301800187864472,-0.918905047721196,0.9936755767464192,0.9901414164199309,-0.0035341603264882337,0.9778960590910113,0.9673669014398906,-0.010529157651120724,0.9231003694989638,suppression
159,screw/test/thread_top/022.png,thread_top,250,0.0049824617346938774,3.7115365734100343,2.1517685322761535,-1.5597680411338808,1.717676369349699,1.0222520430402244,1.9938602040603353,1.129516489235929,-0.8643437148244062,0.9237643712694789,0.9403079758041902,0.016543604534711376,0.7463813110069569,0.801198440358397,0.05481712935144012,0.9361073037948945,improvement_or_tie
