variant,baseline_group,image_count,mean_bicubic_per_image_aupro,mean_delta_per_image_aupro,strict_regression_count,strict_regression_rate,delta_lt_minus_0_01_count,delta_lt_minus_0_01_rate
swinir_x4,low,23,0.7295940784073316,0.03626368030538367,6,0.2608695652173913,4,0.17391304347826086
swinir_x4,middle,23,0.9490027503745317,0.0008463421892004041,9,0.391304347826087,3,0.13043478260869565
swinir_x4,high,24,0.9901836789381399,-0.0013582741313627928,14,0.5833333333333334,1,0.041666666666666664
rrdb_psnr_x4,low,23,0.7295940784073316,0.04241069914061574,7,0.30434782608695654,6,0.2608695652173913
rrdb_psnr_x4,middle,23,0.9490027503745317,-0.0008195147281196051,9,0.391304347826087,4,0.17391304347826086
rrdb_psnr_x4,high,24,0.9901836789381399,-0.0016858296064019191,14,0.5833333333333334,1,0.041666666666666664
rrdb_esrgan_x4,low,23,0.7295940784073316,0.055087050548690224,4,0.17391304347826086,3,0.13043478260869565
rrdb_esrgan_x4,middle,23,0.9490027503745317,0.001270932384105226,6,0.2608695652173913,4,0.17391304347826086
rrdb_esrgan_x4,high,24,0.9901836789381399,-0.0009332563434832075,12,0.5,1,0.041666666666666664
