variant,tau,count_delta_lt_minus_tau,rate_delta_lt_minus_tau,anomaly_count
swinir_x4,0.0,29,0.4142857142857143,70
swinir_x4,0.005,11,0.15714285714285714,70
swinir_x4,0.01,8,0.11428571428571428,70
swinir_x4,0.02,5,0.07142857142857142,70
swinir_x4,0.05,2,0.02857142857142857,70
rrdb_psnr_x4,0.0,30,0.42857142857142855,70
rrdb_psnr_x4,0.005,15,0.21428571428571427,70
rrdb_psnr_x4,0.01,11,0.15714285714285714,70
rrdb_psnr_x4,0.02,8,0.11428571428571428,70
rrdb_psnr_x4,0.05,2,0.02857142857142857,70
rrdb_esrgan_x4,0.0,22,0.3142857142857143,70
rrdb_esrgan_x4,0.005,9,0.12857142857142856,70
rrdb_esrgan_x4,0.01,8,0.11428571428571428,70
rrdb_esrgan_x4,0.02,4,0.05714285714285714,70
rrdb_esrgan_x4,0.05,2,0.02857142857142857,70
