sample,defect_type,variant,pilot_overlap,psnr_gain_vs_bicubic,lpips_improvement_vs_bicubic,delta_per_image_aupro_vs_bicubic
hazelnut/test/crack/000.png,crack,swinir_x4,True,2.6316138406378258,0.09723837673664093,-0.0005805068829393967
hazelnut/test/crack/001.png,crack,swinir_x4,True,2.556582649726579,0.09149143099784851,-0.02221360732899358
hazelnut/test/crack/002.png,crack,swinir_x4,True,2.0675888385027363,0.09281778335571289,-0.03720411764692533
hazelnut/test/crack/003.png,crack,swinir_x4,True,2.0202524500708563,0.09425713121891022,0.058015182276932364
hazelnut/test/crack/004.png,crack,swinir_x4,True,2.729658316329939,0.09752558171749115,-0.001799973605123295
hazelnut/test/crack/005.png,crack,swinir_x4,False,3.911855446143953,0.08592426404356956,0.05709924909444897
hazelnut/test/crack/006.png,crack,swinir_x4,False,2.3711530281209647,0.08209281414747238,0.22001621101121982
hazelnut/test/crack/007.png,crack,swinir_x4,False,3.0584178279504926,0.09505759179592133,-0.00015557552187528412
hazelnut/test/crack/008.png,crack,swinir_x4,False,3.0461539380709013,0.10279512405395508,0.003631068238735269
hazelnut/test/crack/009.png,crack,swinir_x4,False,3.5419100826357344,0.10537151992321014,-0.012923082701801758
hazelnut/test/crack/010.png,crack,swinir_x4,False,3.682177428252249,0.08656907081604004,0.017694745872134376
hazelnut/test/crack/011.png,crack,swinir_x4,False,2.5689423941252585,0.09370867162942886,-0.00724432284141685
hazelnut/test/crack/012.png,crack,swinir_x4,False,2.161932520256876,0.093157559633255,0.08008549363512082
hazelnut/test/crack/013.png,crack,swinir_x4,False,2.3979594556720016,0.07912836223840714,-0.06970992446251145
hazelnut/test/crack/014.png,crack,swinir_x4,False,2.31227985828383,0.08052603900432587,0.009148178185981348
hazelnut/test/crack/015.png,crack,swinir_x4,False,2.22660037885737,0.09184501320123672,-0.05141161735149291
hazelnut/test/crack/016.png,crack,swinir_x4,False,2.742568311340257,0.06670693308115005,0.03699820051914926
hazelnut/test/crack/017.png,crack,swinir_x4,False,3.5382957939004456,0.09462045133113861,-0.014280906530431126
hazelnut/test/cut/000.png,cut,swinir_x4,True,3.347460496795499,0.08119341731071472,-0.00462370310980309
hazelnut/test/cut/001.png,cut,swinir_x4,True,2.7142656609100086,0.09385677427053452,0.05076154791125953
hazelnut/test/cut/002.png,cut,swinir_x4,True,1.9584422463792777,0.06822653114795685,0.00496215266745903
hazelnut/test/cut/003.png,cut,swinir_x4,True,2.0009292173465028,0.07338115572929382,0.10290013146678156
hazelnut/test/cut/004.png,cut,swinir_x4,True,2.523526300452943,0.0783580020070076,0.048377462730740506
hazelnut/test/cut/005.png,cut,swinir_x4,False,2.4900909047837985,0.07624860852956772,0.001699770973486392
hazelnut/test/cut/006.png,cut,swinir_x4,False,2.6363349880587705,0.09179725497961044,0.03420303254946355
hazelnut/test/cut/007.png,cut,swinir_x4,False,2.8669860475237954,0.0747743621468544,0.0016504518152374859
hazelnut/test/cut/008.png,cut,swinir_x4,False,2.548676865871222,0.08625400811433792,0.06518692754357558
hazelnut/test/cut/009.png,cut,swinir_x4,False,1.8474022312982044,0.07915127277374268,-0.0019341680569820996
hazelnut/test/cut/010.png,cut,swinir_x4,False,1.9129529187713885,0.08871607482433319,-0.00674294363347383
hazelnut/test/cut/011.png,cut,swinir_x4,False,2.839310758569283,0.08163689821958542,-0.007175210033429025
hazelnut/test/cut/012.png,cut,swinir_x4,False,2.2175405714692786,0.07656945288181305,-0.0015280965321162743
hazelnut/test/cut/013.png,cut,swinir_x4,False,3.3501280806659324,0.09535851329565048,0.028055623855870793
hazelnut/test/cut/014.png,cut,swinir_x4,False,1.5685418757702863,0.09350846707820892,0.01784235751533192
hazelnut/test/cut/015.png,cut,swinir_x4,False,2.7863738386171235,0.08060533553361893,0.006996133435459351
hazelnut/test/cut/016.png,cut,swinir_x4,False,3.024190787386736,0.08166758716106415,0.006229042726457523
hazelnut/test/hole/000.png,hole,swinir_x4,True,2.928341894225845,0.08713985979557037,0.0007327548111210058
hazelnut/test/hole/001.png,hole,swinir_x4,True,2.0149583882977637,0.0753215029835701,0.0011573399486125568
hazelnut/test/hole/002.png,hole,swinir_x4,True,2.059977570000008,0.07621727883815765,0.0002694154259890169
hazelnut/test/hole/003.png,hole,swinir_x4,True,2.8364809466699086,0.07748869061470032,0.007063831339924054
hazelnut/test/hole/004.png,hole,swinir_x4,True,2.826426157611209,0.07841285318136215,-0.0006724956609657218
hazelnut/test/hole/005.png,hole,swinir_x4,False,1.9020146438397418,0.08223706483840942,-0.0029218147822022145
hazelnut/test/hole/006.png,hole,swinir_x4,False,1.9562588729806407,0.08918815106153488,0.13126803172859913
hazelnut/test/hole/007.png,hole,swinir_x4,False,4.019959763737752,0.0729796290397644,0.000779450425199224
hazelnut/test/hole/008.png,hole,swinir_x4,False,1.5970013356085246,0.04648037254810333,-0.002809786934912406
hazelnut/test/hole/009.png,hole,swinir_x4,False,2.3947186193197183,0.07973639667034149,-0.0009108391191754439
hazelnut/test/hole/010.png,hole,swinir_x4,False,2.597308321883091,0.09260499477386475,0.012733633094616392
hazelnut/test/hole/011.png,hole,swinir_x4,False,1.7191313050959494,0.08410489559173584,0.007662037131891508
hazelnut/test/hole/012.png,hole,swinir_x4,False,2.6999891829081335,0.07787013798952103,-0.0006527690319783064
hazelnut/test/hole/013.png,hole,swinir_x4,False,2.4673928782486527,0.09396499395370483,0.0025233397767119303
hazelnut/test/hole/014.png,hole,swinir_x4,False,2.417127298969824,0.09274901449680328,-0.01069874479178956
hazelnut/test/hole/015.png,hole,swinir_x4,False,2.119785631925545,0.07769270241260529,-0.0005723831875233953
hazelnut/test/hole/016.png,hole,swinir_x4,False,1.922122339668583,0.07729468494653702,0.00554494724631871
hazelnut/test/hole/017.png,hole,swinir_x4,False,3.1643969765075113,0.07981694489717484,0.0036577017595610384
hazelnut/test/print/000.png,print,swinir_x4,True,2.1699365063982405,0.1033490002155304,-0.0019212506585580824
hazelnut/test/print/001.png,print,swinir_x4,True,1.7813892608867334,0.09713202714920044,-0.0007053215101487931
hazelnut/test/print/002.png,print,swinir_x4,True,3.5979112041563823,0.09691387414932251,-0.0013232084232409624
hazelnut/test/print/003.png,print,swinir_x4,True,2.2439942406978943,0.06704503297805786,0.007618622926941043
hazelnut/test/print/004.png,print,swinir_x4,True,2.1872579439355846,0.09770869463682175,-0.0031360766819656938
hazelnut/test/print/005.png,print,swinir_x4,False,2.6492052043193084,0.08853443711996078,-0.020158871055124816
hazelnut/test/print/006.png,print,swinir_x4,False,3.4454595018037892,0.10043664276599884,0.0055067658011240805
hazelnut/test/print/007.png,print,swinir_x4,False,1.819087776382844,0.11208987981081009,0.018412567904272148
hazelnut/test/print/008.png,print,swinir_x4,False,4.51769008433541,0.10802451148629189,0.002096306351970334
hazelnut/test/print/009.png,print,swinir_x4,False,1.6717867712366825,0.09687694907188416,-6.276664474402782e-05
hazelnut/test/print/010.png,print,swinir_x4,False,2.5216850860752977,0.08659884333610535,0.01741874312472247
hazelnut/test/print/011.png,print,swinir_x4,False,1.0791013066090969,0.08194844424724579,0.004170400439889921
hazelnut/test/print/012.png,print,swinir_x4,False,2.4399465572826955,0.10377836227416992,0.008381065107193941
hazelnut/test/print/013.png,print,swinir_x4,False,2.2780627244993354,0.07999403774738312,-0.002302994956250859
hazelnut/test/print/014.png,print,swinir_x4,False,1.3945378084009867,0.09227874130010605,0.019701900725220378
hazelnut/test/print/015.png,print,swinir_x4,False,2.6920300685762797,0.08859214931726456,0.0006311655181071574
hazelnut/test/print/016.png,print,swinir_x4,False,1.1349344893163824,0.10290025174617767,0.00042603328779078353
hazelnut/test/crack/000.png,crack,rrdb_psnr_x4,True,3.004434790276754,0.10258287191390991,-0.001451118730691453
hazelnut/test/crack/001.png,crack,rrdb_psnr_x4,True,2.6306448170604213,0.098392553627491,-0.030545807845655526
hazelnut/test/crack/002.png,crack,rrdb_psnr_x4,True,2.1580574895841877,0.09829885512590408,-0.023383069528773948
hazelnut/test/crack/003.png,crack,rrdb_psnr_x4,True,2.057514888169365,0.09935569018125534,0.09510168237672734
hazelnut/test/crack/004.png,crack,rrdb_psnr_x4,True,2.857391404431837,0.1040172278881073,-0.0012484886960966168
hazelnut/test/crack/005.png,crack,rrdb_psnr_x4,False,4.214427894947839,0.08944753184914589,0.05140534588234269
hazelnut/test/crack/006.png,crack,rrdb_psnr_x4,False,2.725764872724831,0.08712275326251984,0.2703726859583717
hazelnut/test/crack/007.png,crack,rrdb_psnr_x4,False,3.1110591333149884,0.09554041922092438,-0.015274362694615795
hazelnut/test/crack/008.png,crack,rrdb_psnr_x4,False,3.0368096634224955,0.11355194449424744,0.0020537301995016133
hazelnut/test/crack/009.png,crack,rrdb_psnr_x4,False,3.481117209921816,0.10593407601118088,-0.021566162784737997
hazelnut/test/crack/010.png,crack,rrdb_psnr_x4,False,3.741132750770287,0.09089796990156174,0.0195752187067737
hazelnut/test/crack/011.png,crack,rrdb_psnr_x4,False,2.5593203545139502,0.09839755296707153,-0.014080080079343138
hazelnut/test/crack/012.png,crack,rrdb_psnr_x4,False,2.157473466435576,0.09715007990598679,0.13169187904568994
hazelnut/test/crack/013.png,crack,rrdb_psnr_x4,False,2.480357196927315,0.0787840336561203,-0.08066375470552434
hazelnut/test/crack/014.png,crack,rrdb_psnr_x4,False,2.4910261750022045,0.0860290378332138,0.007302149778503519
hazelnut/test/crack/015.png,crack,rrdb_psnr_x4,False,2.199141047212315,0.09536436200141907,-0.061535453125795114
hazelnut/test/crack/016.png,crack,rrdb_psnr_x4,False,2.804056954038934,0.07047131657600403,0.048809489648889426
hazelnut/test/crack/017.png,crack,rrdb_psnr_x4,False,3.395989582014309,0.09896912425756454,-0.022272168965903116
hazelnut/test/cut/000.png,cut,rrdb_psnr_x4,True,3.4631456390540123,0.08518510311841965,-0.004888204234569371
hazelnut/test/cut/001.png,cut,rrdb_psnr_x4,True,2.752806993088221,0.09711051732301712,0.016972861111380633
hazelnut/test/cut/002.png,cut,rrdb_psnr_x4,True,1.9952312780626684,0.06960004568099976,0.005491764580122793
hazelnut/test/cut/003.png,cut,rrdb_psnr_x4,True,1.949785142540982,0.07179014384746552,0.1071938870567406
hazelnut/test/cut/004.png,cut,rrdb_psnr_x4,True,2.749555551236739,0.08250811696052551,0.0518261192048497
hazelnut/test/cut/005.png,cut,rrdb_psnr_x4,False,2.4192583333092728,0.08245593309402466,0.002833251853392449
hazelnut/test/cut/006.png,cut,rrdb_psnr_x4,False,2.8281320092958495,0.09377077221870422,0.024655162256783103
hazelnut/test/cut/007.png,cut,rrdb_psnr_x4,False,2.7577230601926175,0.07862075418233871,0.0021031718753250495
hazelnut/test/cut/008.png,cut,rrdb_psnr_x4,False,2.307990203549444,0.09271389991044998,0.08830911982196588
hazelnut/test/cut/009.png,cut,rrdb_psnr_x4,False,1.9154316243301466,0.08308648318052292,-0.0005121751088552617
hazelnut/test/cut/010.png,cut,rrdb_psnr_x4,False,1.9553937768173526,0.09045516699552536,-0.009254636268280048
hazelnut/test/cut/011.png,cut,rrdb_psnr_x4,False,3.208303198278344,0.08635760843753815,-0.005461132532608937
hazelnut/test/cut/012.png,cut,rrdb_psnr_x4,False,2.4564584109492884,0.0761803612112999,-0.005902246043899884
hazelnut/test/cut/013.png,cut,rrdb_psnr_x4,False,3.3406689462577788,0.09995850920677185,-0.022246970562176616
hazelnut/test/cut/014.png,cut,rrdb_psnr_x4,False,1.5615338010011826,0.09496890753507614,0.028313021269971705
hazelnut/test/cut/015.png,cut,rrdb_psnr_x4,False,2.9562077171905017,0.08954036980867386,0.004543011801403929
hazelnut/test/cut/016.png,cut,rrdb_psnr_x4,False,3.1961327268299087,0.08330287784337997,0.004357771942538835
hazelnut/test/hole/000.png,hole,rrdb_psnr_x4,True,2.7320685113518905,0.08580036461353302,0.0020962036438663123
hazelnut/test/hole/001.png,hole,rrdb_psnr_x4,True,2.2675706022672983,0.07638037204742432,0.0006431774468518281
hazelnut/test/hole/002.png,hole,rrdb_psnr_x4,True,2.3403688669050027,0.07835669815540314,4.022445244467043e-05
hazelnut/test/hole/003.png,hole,rrdb_psnr_x4,True,2.9659432566943025,0.07937341183423996,0.004368204069012616
hazelnut/test/hole/004.png,hole,rrdb_psnr_x4,True,3.0372176934248287,0.08465689420700073,0.0006482127406149951
hazelnut/test/hole/005.png,hole,rrdb_psnr_x4,False,2.0047230156260625,0.08810614049434662,-0.0018887915569093527
hazelnut/test/hole/006.png,hole,rrdb_psnr_x4,False,2.045366116601649,0.09090239554643631,0.16156409630311142
hazelnut/test/hole/007.png,hole,rrdb_psnr_x4,False,3.6501005400929003,0.07601285725831985,0.000779450425199335
hazelnut/test/hole/008.png,hole,rrdb_psnr_x4,False,1.6402944146706702,0.049875400960445404,-0.001281820475913964
hazelnut/test/hole/009.png,hole,rrdb_psnr_x4,False,2.465642716668789,0.08292637020349503,-0.0011766024625626814
hazelnut/test/hole/010.png,hole,rrdb_psnr_x4,False,3.139610464758711,0.09865696728229523,0.031679228586445785
hazelnut/test/hole/011.png,hole,rrdb_psnr_x4,False,1.9098581385692555,0.08615778386592865,0.04091325947642921
hazelnut/test/hole/012.png,hole,rrdb_psnr_x4,False,2.6745526968607223,0.07795226573944092,-0.003751618404563284
hazelnut/test/hole/013.png,hole,rrdb_psnr_x4,False,2.712109703455404,0.09860946983098984,-0.0006593606351299464
hazelnut/test/hole/014.png,hole,rrdb_psnr_x4,False,2.2837327896189024,0.09621312469244003,-0.013904420419320718
hazelnut/test/hole/015.png,hole,rrdb_psnr_x4,False,2.187528532214948,0.08537468314170837,-1.309268307136957e-05
hazelnut/test/hole/016.png,hole,rrdb_psnr_x4,False,1.890949244515241,0.08114460110664368,0.0074120233214095554
hazelnut/test/hole/017.png,hole,rrdb_psnr_x4,False,2.8519816901637185,0.08028259128332138,0.005317550776642421
hazelnut/test/print/000.png,print,rrdb_psnr_x4,True,2.4395781540819748,0.10791384428739548,-0.0017107623290706364
hazelnut/test/print/001.png,print,rrdb_psnr_x4,True,1.7511504359115975,0.09582559764385223,0.0011937134456260212
hazelnut/test/print/002.png,print,rrdb_psnr_x4,True,3.4104887740026726,0.10365232825279236,-0.009543054744366009
hazelnut/test/print/003.png,print,rrdb_psnr_x4,True,2.2306587121867807,0.06922759860754013,0.008415367510848704
hazelnut/test/print/004.png,print,rrdb_psnr_x4,True,2.071129287761323,0.09929943084716797,-0.003890831319223631
hazelnut/test/print/005.png,print,rrdb_psnr_x4,False,2.732468428099125,0.0869797021150589,-0.021598934823422122
hazelnut/test/print/006.png,print,rrdb_psnr_x4,False,2.7349379302483783,0.10369258001446724,0.0038770689693725657
hazelnut/test/print/007.png,print,rrdb_psnr_x4,False,1.82769175494861,0.12235119938850403,0.01656617043724673
hazelnut/test/print/008.png,print,rrdb_psnr_x4,False,4.667428112923449,0.11558209359645844,0.0023574400501816806
hazelnut/test/print/009.png,print,rrdb_psnr_x4,False,1.699857571585575,0.10056009888648987,0.0008808546145252505
hazelnut/test/print/010.png,print,rrdb_psnr_x4,False,2.222211280633889,0.09152983129024506,0.016160362406987927
hazelnut/test/print/011.png,print,rrdb_psnr_x4,False,0.9511525698009109,0.09095298498868942,0.001158758949460048
hazelnut/test/print/012.png,print,rrdb_psnr_x4,False,2.425835282193212,0.10338549315929413,0.009438434393187478
hazelnut/test/print/013.png,print,rrdb_psnr_x4,False,2.4703078580041193,0.08434978127479553,-0.0005205744338071527
hazelnut/test/print/014.png,print,rrdb_psnr_x4,False,1.411237303862901,0.10129980742931366,0.019782609918608807
hazelnut/test/print/015.png,print,rrdb_psnr_x4,False,2.8032968727427914,0.08839742839336395,-0.0006833771227774399
hazelnut/test/print/016.png,print,rrdb_psnr_x4,False,1.2123606857777034,0.09799304604530334,-0.0011573320579175705
hazelnut/test/crack/000.png,crack,rrdb_esrgan_x4,True,1.0095695912325269,0.1564776934683323,0.00046623569768716733
hazelnut/test/crack/001.png,crack,rrdb_esrgan_x4,True,0.46838637002652206,0.14559032022953033,-0.028425058913266965
hazelnut/test/crack/002.png,crack,rrdb_esrgan_x4,True,-0.6463569133724363,0.15451287478208542,0.054776368722308455
hazelnut/test/crack/003.png,crack,rrdb_esrgan_x4,True,-1.1743252561146278,0.15301068872213364,0.06909796076501884
hazelnut/test/crack/004.png,crack,rrdb_esrgan_x4,True,-0.03443332618930128,0.14894850179553032,-0.003933435251284867
hazelnut/test/crack/005.png,crack,rrdb_esrgan_x4,False,1.073771318934135,0.11285699531435966,0.07027207795727197
hazelnut/test/crack/006.png,crack,rrdb_esrgan_x4,False,0.5930744059102722,0.12059027329087257,0.25654200010012884
hazelnut/test/crack/007.png,crack,rrdb_esrgan_x4,False,0.571759832495566,0.1734052523970604,0.006868065919751309
hazelnut/test/crack/008.png,crack,rrdb_esrgan_x4,False,0.4945036039308448,0.1630919687449932,0.004329929188321646
hazelnut/test/crack/009.png,crack,rrdb_esrgan_x4,False,0.8039220108638183,0.15772568061947823,-0.012264126191286473
hazelnut/test/crack/010.png,crack,rrdb_esrgan_x4,False,0.6875577317081536,0.12913652881979942,-0.00028768990908656367
hazelnut/test/crack/011.png,crack,rrdb_esrgan_x4,False,0.1887452275827073,0.13974549621343613,-0.017672604112744517
hazelnut/test/crack/012.png,crack,rrdb_esrgan_x4,False,-1.3377815372642559,0.15059113502502441,0.12209753798213077
hazelnut/test/crack/013.png,crack,rrdb_esrgan_x4,False,-0.18512322778260426,0.11670051515102386,-0.1001162482284298
hazelnut/test/crack/014.png,crack,rrdb_esrgan_x4,False,-0.0339099899313311,0.12843453884124756,0.004809417315249087
hazelnut/test/crack/015.png,crack,rrdb_esrgan_x4,False,0.31440251397851426,0.1520974114537239,-0.058443239252505386
hazelnut/test/crack/016.png,crack,rrdb_esrgan_x4,False,0.15075206415451703,0.10847107321023941,0.03076543986878555
hazelnut/test/crack/017.png,crack,rrdb_esrgan_x4,False,1.227096411906338,0.13128731027245522,-0.018694650552339542
hazelnut/test/cut/000.png,cut,rrdb_esrgan_x4,True,0.9937185493312981,0.12073620967566967,-0.004161605614324881
hazelnut/test/cut/001.png,cut,rrdb_esrgan_x4,True,0.6799699174665932,0.1404673047363758,0.04718466587487291
hazelnut/test/cut/002.png,cut,rrdb_esrgan_x4,True,-0.6728331506637844,0.1290685050189495,0.0014383075117625488
hazelnut/test/cut/003.png,cut,rrdb_esrgan_x4,True,-0.8194101456405818,0.10859457030892372,0.10390964767950894
hazelnut/test/cut/004.png,cut,rrdb_esrgan_x4,True,0.2336907850882568,0.12539838254451752,0.04830093985672079
hazelnut/test/cut/005.png,cut,rrdb_esrgan_x4,False,-1.0458625159749744,0.09317687153816223,-0.0004407662772905052
hazelnut/test/cut/006.png,cut,rrdb_esrgan_x4,False,-0.3415162835357819,0.15916138887405396,0.045344934818844274
hazelnut/test/cut/007.png,cut,rrdb_esrgan_x4,False,0.16893906174274775,0.13710534200072289,0.003986237186648034
hazelnut/test/cut/008.png,cut,rrdb_esrgan_x4,False,-0.47066764313693454,0.13687190413475037,0.05431457064300349
hazelnut/test/cut/009.png,cut,rrdb_esrgan_x4,False,0.02154990280279634,0.12717194110155106,0.002418414576191519
hazelnut/test/cut/010.png,cut,rrdb_esrgan_x4,False,-0.4524345823752256,0.12883825972676277,-0.0026324997343213363
hazelnut/test/cut/011.png,cut,rrdb_esrgan_x4,False,0.2763841141320782,0.1250809133052826,-0.005995694500046667
hazelnut/test/cut/012.png,cut,rrdb_esrgan_x4,False,-0.2070809610307549,0.13059568032622337,0.0013196110938862304
hazelnut/test/cut/013.png,cut,rrdb_esrgan_x4,False,-0.12050708760226314,0.12421022728085518,-0.015234231357643013
hazelnut/test/cut/014.png,cut,rrdb_esrgan_x4,False,-0.5698308550725599,0.13841580227017403,0.029661243644875768
hazelnut/test/cut/015.png,cut,rrdb_esrgan_x4,False,-0.8096916515739139,0.1255466789007187,0.005651829841033185
hazelnut/test/cut/016.png,cut,rrdb_esrgan_x4,False,0.9041463702814738,0.12487471103668213,0.00023206289315791384
hazelnut/test/hole/000.png,hole,rrdb_esrgan_x4,True,0.48151345912844334,0.14794180169701576,-0.0004482343244832654
hazelnut/test/hole/001.png,hole,rrdb_esrgan_x4,True,-0.6305929209318819,0.11712352931499481,0.0005790494300268456
hazelnut/test/hole/002.png,hole,rrdb_esrgan_x4,True,0.3533250376426409,0.12269674614071846,-0.0003829426809657255
hazelnut/test/hole/003.png,hole,rrdb_esrgan_x4,True,0.6006160330754255,0.11412597447633743,0.003971094608193115
hazelnut/test/hole/004.png,hole,rrdb_esrgan_x4,True,0.11150712448386457,0.09647902101278305,0.0014134664237828165
hazelnut/test/hole/005.png,hole,rrdb_esrgan_x4,False,-0.19481481047097304,0.13213178142905235,-0.0007244236635663981
hazelnut/test/hole/006.png,hole,rrdb_esrgan_x4,False,-0.5298573241914966,0.13873783499002457,0.15907147886199546
hazelnut/test/hole/007.png,hole,rrdb_esrgan_x4,False,0.5270999140347428,0.1006446834653616,-0.00022270012148573048
hazelnut/test/hole/008.png,hole,rrdb_esrgan_x4,False,-0.49339981057079285,0.0987456738948822,-0.0026616533933003783
hazelnut/test/hole/009.png,hole,rrdb_esrgan_x4,False,0.06635686768244398,0.1301358938217163,-0.0008194866991652061
hazelnut/test/hole/010.png,hole,rrdb_esrgan_x4,False,-0.3862631597504702,0.13581418246030807,0.03528576252352611
hazelnut/test/hole/011.png,hole,rrdb_esrgan_x4,False,-0.10310567260967929,0.14272581785917282,0.292689008536827
hazelnut/test/hole/012.png,hole,rrdb_esrgan_x4,False,-0.5149319303233995,0.14663397148251534,-0.0018579128360394215
hazelnut/test/hole/013.png,hole,rrdb_esrgan_x4,False,0.08381526605468537,0.14746516197919846,0.0011363823476998602
hazelnut/test/hole/014.png,hole,rrdb_esrgan_x4,False,-0.7312685122414848,0.1321640983223915,0.005601427423803318
hazelnut/test/hole/015.png,hole,rrdb_esrgan_x4,False,-0.6982313594243408,0.12631948292255402,0.00027068921441963933
hazelnut/test/hole/016.png,hole,rrdb_esrgan_x4,False,-1.1071264531061331,0.1413319855928421,0.006671486597064957
hazelnut/test/hole/017.png,hole,rrdb_esrgan_x4,False,0.22612354864799045,0.12342698499560356,-0.03096823749758193
hazelnut/test/print/000.png,print,rrdb_esrgan_x4,True,-0.052098257236480094,0.14666300266981125,0.0027657383123561585
hazelnut/test/print/001.png,print,rrdb_esrgan_x4,True,0.01726660597172014,0.1221349760890007,0.005140172100461471
hazelnut/test/print/002.png,print,rrdb_esrgan_x4,True,1.057713617927,0.1259794756770134,0.0072750662526266385
hazelnut/test/print/003.png,print,rrdb_esrgan_x4,True,-1.0382946424929358,0.1274203583598137,0.008890173926527134
hazelnut/test/print/004.png,print,rrdb_esrgan_x4,True,0.6994695124121044,0.15262120217084885,0.004047081558344434
hazelnut/test/print/005.png,print,rrdb_esrgan_x4,False,0.005432531296008847,0.12919888645410538,0.00482370208479721
hazelnut/test/print/006.png,print,rrdb_esrgan_x4,False,-0.9074044207360892,0.11518491432070732,0.0009622090012151308
hazelnut/test/print/007.png,print,rrdb_esrgan_x4,False,-0.5758203897639902,0.16151834651827812,0.015963966944345098
hazelnut/test/print/008.png,print,rrdb_esrgan_x4,False,2.4698977209209154,0.12983058020472527,0.00038603317480545574
hazelnut/test/print/009.png,print,rrdb_esrgan_x4,False,-1.2519054008306583,0.16630500555038452,-0.0010674285109760762
hazelnut/test/print/010.png,print,rrdb_esrgan_x4,False,-0.15825446796015186,0.13467612862586975,0.012978182328292953
hazelnut/test/print/011.png,print,rrdb_esrgan_x4,False,-0.9583101971305581,0.15226564183831215,0.005123990912818455
hazelnut/test/print/012.png,print,rrdb_esrgan_x4,False,0.7656763568502356,0.13802044093608856,0.016305416392718985
hazelnut/test/print/013.png,print,rrdb_esrgan_x4,False,-0.7052980085869933,0.12696314230561256,0.0015502952613728471
hazelnut/test/print/014.png,print,rrdb_esrgan_x4,False,-0.2944594564765275,0.1451587863266468,0.012885049325015774
hazelnut/test/print/015.png,print,rrdb_esrgan_x4,False,1.0143762165238783,0.13307638093829155,0.008618161002865499
hazelnut/test/print/016.png,print,rrdb_esrgan_x4,False,-1.6763493461873473,0.1378301940858364,0.003097741149771238
