sample,defect_type,label,delta_psnr_esrgan_minus_psnr,delta_ssim_esrgan_minus_psnr,delta_lpips_esrgan_minus_psnr,delta_image_score_esrgan_minus_psnr,delta_per_image_pixel_auroc_esrgan_minus_psnr,delta_per_image_aupro_esrgan_minus_psnr,delta_roi_bg_gap_esrgan_minus_psnr
hazelnut/test/good/000.png,good,0,-2.900234033252424,-0.03443673259610369,-0.04853616654872894,-0.93890380859375,,,
hazelnut/test/good/001.png,good,0,-2.792418283084146,-0.03137701686102046,-0.03390085697174072,-0.5949001312255859,,,
hazelnut/test/good/002.png,good,0,-4.305467540816942,-0.06404075818389066,-0.03713926672935486,-0.5980186462402344,,,
hazelnut/test/good/003.png,good,0,-3.0938337316184814,-0.03209464340120882,-0.03865906223654747,-1.0463638305664062,,,
hazelnut/test/good/004.png,good,0,-3.2391126856018033,-0.03524128247755787,-0.0399867482483387,-0.7886543273925781,,,
hazelnut/test/crack/000.png,crack,1,-1.9948651990442272,-0.02665365226990568,-0.05389481782913208,-0.9871101379394531,0.002981367658916767,0.0019173544283786204,-0.530508772714144
hazelnut/test/crack/001.png,crack,1,-2.1622584470338992,-0.031927841959923264,-0.047197770327329636,-0.31168174743652344,0.0006451170377643756,0.002120748932388561,-0.4532497049341506
hazelnut/test/crack/002.png,crack,1,-2.804414402956624,-0.04105569933731246,-0.05621401220560074,-0.3762016296386719,0.007015430488938046,0.0781594382510824,-0.204497632722475
hazelnut/test/crack/003.png,crack,1,-3.231840144283993,-0.0419780824795708,-0.053654976189136505,-0.12656211853027344,-0.007659071423809394,-0.026003721611708497,-0.22521326321578172
hazelnut/test/crack/004.png,crack,1,-2.8918247306211384,-0.02765588123270879,-0.04493127390742302,-0.5299911499023438,-0.000815400679213929,-0.00268494655518825,-0.4050531818754446
hazelnut/test/cut/000.png,cut,1,-2.469427089722714,-0.023278677211406085,-0.03555110655725002,-0.5470046997070312,0.00020500136290835247,0.0007265986202444896,-0.2177051636614573
hazelnut/test/cut/001.png,cut,1,-2.072837075621628,-0.025971120208090115,-0.04335678368806839,-0.8267593383789062,0.009116865840767097,0.030211804763492278,-0.2245197671433754
hazelnut/test/cut/002.png,cut,1,-2.6680644287264528,-0.03369756410040614,-0.059468455612659454,-0.4834785461425781,-0.0011148326637507866,-0.0040534570683602444,-0.4312870679916201
hazelnut/test/cut/003.png,cut,1,-2.769195288181564,-0.03191779676291806,-0.036804430186748505,-1.4922943115234375,-0.0009548805434405061,-0.003284239377231657,-0.9185247045095184
hazelnut/test/cut/004.png,cut,1,-2.515864766148482,-0.025575105908438367,-0.0428902693092823,-0.7153034210205078,-0.0009113737283651391,-0.003525179348128904,-0.5037515629735583
hazelnut/test/hole/000.png,hole,1,-2.250555052223447,-0.04203180361657233,-0.062141433358192444,-1.3014984130859375,-0.0007454716991035504,-0.0025444379683495777,-0.755678348475123
hazelnut/test/hole/001.png,hole,1,-2.8981635231991802,-0.035669708757895324,-0.04074317216873169,-0.8243541717529297,4.318206103348654e-05,-6.412801682498248e-05,-0.397643364559781
hazelnut/test/hole/002.png,hole,1,-1.9870438292623618,-0.02863645452030328,-0.04434004798531532,-0.9425125122070312,-0.0001334037334921323,-0.0004231671334103959,-0.5247940384383938
hazelnut/test/hole/003.png,hole,1,-2.365327223618877,-0.030047499199626793,-0.03475257754325867,-0.7079963684082031,-0.000225642613589927,-0.00039710946081950027,-0.4957882728160854
hazelnut/test/hole/004.png,hole,1,-2.925710568940964,-0.0430270055977402,-0.011822115629911423,-0.6233558654785156,0.00021950302110518294,0.0007652536831678214,-0.46357921792649304
hazelnut/test/print/000.png,print,1,-2.491676411318455,-0.04136069538360898,-0.03874916210770607,-1.0988292694091797,0.0010409829541797588,0.004476500641426795,-0.5915060353834178
hazelnut/test/print/001.png,print,1,-1.7338838299398773,-0.02334159940820646,-0.02630937471985817,-1.3816184997558594,0.0017925765615253164,0.00394645865483545,-0.514976822395055
hazelnut/test/print/002.png,print,1,-2.3527751560756727,-0.04543403222699416,-0.02232714369893074,-1.6648921966552734,0.003110416012150674,0.016818120996992647,-0.8174288166117449
hazelnut/test/print/003.png,print,1,-3.2689533546797165,-0.03615997121069714,-0.05819275975227356,-0.7513198852539062,0.00016631061940186598,0.0004748064156784304,-0.35044702592746413
hazelnut/test/print/004.png,print,1,-1.3716597753492188,-0.029628414351794197,-0.053321775048971176,-1.6064414978027344,0.0023973028894165305,0.007937912877568065,-1.0247182018495877
