sample,label,defect_type,variant,image_score,psnr,ssim,lpips,per_image_pixel_auroc,per_image_aupro,roi_mean,background_mean,roi_bg_gap,restoration_seconds,detector_seconds,device,output_image
hazelnut/test/good/000.png,0,good,bicubic_x4,3.92596435546875,38.0854245554961,0.9300117566190135,0.1779084950685501,,,,,,0.0,3.2619064999744296,cuda,images/normal/000/bicubic_x4.png
hazelnut/test/good/000.png,0,good,swinir_x4,3.6623802185058594,40.34965176242384,0.9527609929387486,0.09889332205057144,,,,,,0.31046329997479916,3.242976799956523,cuda,images/normal/000/swinir_x4.png
hazelnut/test/good/000.png,0,good,rrdb_psnr_x4,3.731954574584961,40.42164391829787,0.9537584533233038,0.09427449852228165,,,,,,0.10843390005175024,3.3629464999539778,cuda,images/normal/000/rrdb_psnr_x4.png
hazelnut/test/good/000.png,0,good,rrdb_esrgan_x4,2.793050765991211,37.52140988504544,0.9193217207272001,0.045738331973552704,,,,,,0.08069410000462085,3.5429400999564677,cuda,images/normal/000/rrdb_esrgan_x4.png
hazelnut/test/good/001.png,0,good,bicubic_x4,3.7835159301757812,38.57358373621167,0.9402043205508,0.13905417919158936,,,,,,0.0,3.1873574000783265,cuda,images/normal/001/bicubic_x4.png
hazelnut/test/good/001.png,0,good,swinir_x4,3.2623844146728516,40.723029337560625,0.9599809411629129,0.07736960053443909,,,,,,0.3282570999581367,3.297480499953963,cuda,images/normal/001/swinir_x4.png
hazelnut/test/good/001.png,0,good,rrdb_psnr_x4,3.476072311401367,40.80533395035084,0.9605098903372301,0.07368525862693787,,,,,,0.09103070001583546,3.256479400093667,cuda,images/normal/001/rrdb_psnr_x4.png
hazelnut/test/good/001.png,0,good,rrdb_esrgan_x4,2.8811721801757812,38.0129156672667,0.9291328734762097,0.039784401655197144,,,,,,0.10495539999101311,3.46951490000356,cuda,images/normal/001/rrdb_esrgan_x4.png
hazelnut/test/good/002.png,0,good,bicubic_x4,4.175754547119141,37.2942455089205,0.9230835205651086,0.17129550874233246,,,,,,0.0,3.120861899922602,cuda,images/normal/002/bicubic_x4.png
hazelnut/test/good/002.png,0,good,swinir_x4,4.359004974365234,39.016333432796635,0.9449831094921691,0.10754887759685516,,,,,,0.3065059999935329,3.0598672999767587,cuda,images/normal/002/swinir_x4.png
hazelnut/test/good/002.png,0,good,rrdb_psnr_x4,3.933034896850586,39.20107197310693,0.9461482212818971,0.10617523640394211,,,,,,0.10857759998179972,3.4112924999790266,cuda,images/normal/002/rrdb_psnr_x4.png
hazelnut/test/good/002.png,0,good,rrdb_esrgan_x4,3.3350162506103516,34.895604432289986,0.8821074630980065,0.06903596967458725,,,,,,0.09282410005107522,3.4870323000941426,cuda,images/normal/002/rrdb_esrgan_x4.png
hazelnut/test/good/003.png,0,good,bicubic_x4,4.0414581298828125,39.55211479469143,0.9422435170603763,0.16095739603042603,,,,,,0.0,3.1638826000271365,cuda,images/normal/003/bicubic_x4.png
hazelnut/test/good/003.png,0,good,swinir_x4,4.014871597290039,41.687094760820386,0.9596477687823629,0.08946413546800613,,,,,,0.35073079995345324,3.1758472999790683,cuda,images/normal/003/swinir_x4.png
hazelnut/test/good/003.png,0,good,rrdb_psnr_x4,4.217306137084961,41.78398755674345,0.9601380089504726,0.08117412775754929,,,,,,0.08444580005016178,3.3213593000546098,cuda,images/normal/003/rrdb_psnr_x4.png
hazelnut/test/good/003.png,0,good,rrdb_esrgan_x4,3.1709423065185547,38.690153825124966,0.9280433655492638,0.042515065521001816,,,,,,0.08540680003352463,3.6009902000660077,cuda,images/normal/003/rrdb_esrgan_x4.png
hazelnut/test/good/004.png,0,good,bicubic_x4,3.7242259979248047,38.03954845625878,0.9333568614446085,0.15040194988250732,,,,,,0.0,3.0492448000004515,cuda,images/normal/004/bicubic_x4.png
hazelnut/test/good/004.png,0,good,swinir_x4,3.4737205505371094,41.01297334070925,0.9578100415425036,0.08500952273607254,,,,,,0.2773865000344813,3.2154309999896213,cuda,images/normal/004/swinir_x4.png
hazelnut/test/good/004.png,0,good,rrdb_psnr_x4,3.5731658935546875,41.211409201927765,0.9592429572943946,0.08118937909603119,,,,,,0.10919099999591708,3.4354985000099987,cuda,images/normal/004/rrdb_psnr_x4.png
hazelnut/test/good/004.png,0,good,rrdb_esrgan_x4,2.7845115661621094,37.97229651632596,0.9240016748168367,0.04120263084769249,,,,,,0.08465209999121726,3.362463800003752,cuda,images/normal/004/rrdb_esrgan_x4.png
hazelnut/test/crack/000.png,1,crack,bicubic_x4,7.723930358886719,34.15794270952544,0.9280578517324282,0.19745537638664246,0.9923160088324071,0.19552567979919122,5.837268646788482,1.787400964429044,4.049867682359438,0.0,3.1357444999739528,cuda,images/crack/000/bicubic_x4.png
hazelnut/test/crack/000.png,1,crack,swinir_x4,7.031139373779297,36.78955655016327,0.9536844160974519,0.10021699965000153,0.9917313896958608,0.19494517291625182,5.159320443321541,1.426671993004226,3.732648450317315,0.24571050005033612,3.2679511999012902,cuda,images/crack/000/swinir_x4.png
hazelnut/test/crack/000.png,1,crack,rrdb_psnr_x4,7.237125396728516,37.1623774998022,0.9557800785724729,0.09487250447273254,0.99052060128956,0.19407456106849977,5.220059680506803,1.4331008133088665,3.7869588671979364,0.08638800005428493,3.5663225000025705,cuda,images/crack/000/rrdb_psnr_x4.png
hazelnut/test/crack/000.png,1,crack,rrdb_esrgan_x4,6.2500152587890625,35.16751230075797,0.9291264263025673,0.040977686643600464,0.9935019689484768,0.1959919154968784,4.561375206996853,1.304925112513061,3.2564500944837924,0.10822539997752756,3.551478900015354,cuda,images/crack/000/rrdb_esrgan_x4.png
hazelnut/test/crack/001.png,1,crack,bicubic_x4,8.104085922241211,34.70365330099024,0.9169477057398803,0.19840264320373535,0.9948650215371866,0.9827989277225023,5.682575957385978,1.782101564696021,3.9004743926899574,0.0,3.0690823999466375,cuda,images/crack/001/bicubic_x4.png
hazelnut/test/crack/001.png,1,crack,swinir_x4,6.993772506713867,37.26023595071682,0.9447598782968355,0.10691121220588684,0.9881889425013224,0.9605853203935087,5.109377452428374,1.4457863045565842,3.6635911478717897,0.27587569993920624,3.1845204000128433,cuda,images/crack/001/swinir_x4.png
hazelnut/test/crack/001.png,1,crack,rrdb_psnr_x4,7.118867874145508,37.33429811805066,0.9460501669049354,0.10001008957624435,0.9856890704989703,0.9522531198768468,5.222324931856871,1.480481157616091,3.74184377424078,0.10763950005639344,3.4681253999006003,cuda,images/crack/001/rrdb_psnr_x4.png
hazelnut/test/crack/001.png,1,crack,rrdb_esrgan_x4,6.807186126708984,35.17203967101676,0.9141223249450121,0.05281231924891472,0.9863341875367346,0.9543738688092354,4.606537218787203,1.3179431494805731,3.2885940693066296,0.08890680002514273,3.481913900002837,cuda,images/crack/001/rrdb_esrgan_x4.png
hazelnut/test/crack/002.png,1,crack,bicubic_x4,4.358741760253906,36.14920679373311,0.9136497692680997,0.19990003108978271,0.919829124929173,0.468419403578022,3.4677378722435033,1.826057776967872,1.6416800952756312,0.0,3.1252883999841288,cuda,images/crack/002/bicubic_x4.png
hazelnut/test/crack/002.png,1,crack,swinir_x4,4.828725814819336,38.21679563223584,0.9398384492583375,0.10708224773406982,0.9267456326145106,0.43121528593109665,3.537618820937935,1.5427978771619508,1.9948209437759843,0.3103417999809608,3.230986100039445,cuda,images/crack/002/swinir_x4.png
hazelnut/test/crack/002.png,1,crack,rrdb_psnr_x4,4.73942756652832,38.307264283317295,0.9407812768605535,0.10160116851329803,0.9363956475532734,0.44503633404924803,3.6122301242489745,1.5476876960600336,2.0645424281889406,0.09950579993892461,3.501067699980922,cuda,images/crack/002/rrdb_psnr_x4.png
hazelnut/test/crack/002.png,1,crack,rrdb_esrgan_x4,4.363225936889648,35.50284988036067,0.899725577523241,0.045387156307697296,0.9434110780422115,0.5231957723003304,3.1974279311832023,1.3373831357167367,1.8600447954664656,0.08855230000335723,3.4752592999720946,cuda,images/crack/002/rrdb_esrgan_x4.png
hazelnut/test/crack/003.png,1,crack,bicubic_x4,5.072259902954102,37.86709063555087,0.9329491776308606,0.20784226059913635,0.9462731148853218,0.8330103631257373,3.961307636214284,1.7495195846301486,2.2117880515841355,0.0,3.103793299989775,cuda,images/crack/003/bicubic_x4.png
hazelnut/test/crack/003.png,1,crack,swinir_x4,5.046819686889648,39.88734308562173,0.954592035344722,0.11358509957790375,0.9664769991656419,0.8910255454026696,3.842046044412617,1.46015894438646,2.381887100026157,0.33582539996132255,3.081101999967359,cuda,images/crack/003/swinir_x4.png
hazelnut/test/crack/003.png,1,crack,rrdb_psnr_x4,5.0080413818359375,39.92460552372024,0.9547091789031376,0.10848653316497803,0.9780750220232204,0.9281120455024646,4.0491443775155345,1.4746102949043196,2.5745340826112146,0.0897176000289619,3.3912797999801114,cuda,images/crack/003/rrdb_psnr_x4.png
hazelnut/test/crack/003.png,1,crack,rrdb_esrgan_x4,4.881479263305664,36.692765379436246,0.9127310964235668,0.05483155697584152,0.970415950599411,0.9021083238907561,3.6948512636912976,1.3455304442958649,2.349320819395433,0.08279769995715469,3.565195999923162,cuda,images/crack/003/rrdb_esrgan_x4.png
hazelnut/test/crack/004.png,1,crack,bicubic_x4,5.464929580688477,36.7679775561863,0.9334337321876465,0.19446030259132385,0.9976590094504932,0.9919378426584284,4.5774551892092425,1.7489931827320928,2.8284620064771495,0.0,3.123457800014876,cuda,images/crack/004/bicubic_x4.png
hazelnut/test/crack/004.png,1,crack,swinir_x4,5.976020812988281,39.49763587251624,0.956037717227748,0.0969347208738327,0.9971031785795094,0.9901378690533051,4.691674411632834,1.4363080141310465,3.255366397501788,0.30240849999245256,3.190773700014688,cuda,images/crack/004/swinir_x4.png
hazelnut/test/crack/004.png,1,crack,rrdb_psnr_x4,6.589973449707031,39.62536896061814,0.9568523607469214,0.09044307470321655,0.9972779409871861,0.9906893539623318,4.972305295701226,1.4435421826887376,3.528763113012488,0.11186850001104176,3.41196330008097,cuda,images/crack/004/rrdb_psnr_x4.png
hazelnut/test/crack/004.png,1,crack,rrdb_esrgan_x4,6.0599822998046875,36.733544229997,0.9291964795142126,0.04551180079579353,0.9964625403079722,0.9880044074071436,4.472707630816549,1.3489976996795057,3.1237099311370433,0.08261339995078743,3.493650000076741,cuda,images/crack/004/rrdb_esrgan_x4.png
hazelnut/test/cut/000.png,1,cut,bicubic_x4,5.719074249267578,38.273323022296935,0.9377557237703723,0.1516031175851822,0.9981392423819974,0.9923408996504298,5.039105402356456,1.7854154408781042,3.2536899614783517,0.0,3.1280519999563694,cuda,images/cut/000/bicubic_x4.png
hazelnut/test/cut/000.png,1,cut,swinir_x4,5.656633377075195,41.620783519092434,0.9644260091358005,0.07040971517562866,0.9967583282583155,0.9877171965406267,4.540332341472462,1.3757198995515492,3.164612441920913,0.3789045000448823,3.1745327000971884,cuda,images/cut/000/swinir_x4.png
hazelnut/test/cut/000.png,1,cut,rrdb_psnr_x4,5.755512237548828,41.73646866135095,0.9656847966489419,0.06641802936792374,0.9966406278560372,0.9874526954158604,4.613707813307469,1.3612046645028022,3.252503148804667,0.10303270001895726,3.7269691000692546,cuda,images/cut/000/rrdb_psnr_x4.png
hazelnut/test/cut/000.png,1,cut,rrdb_esrgan_x4,5.208507537841797,39.26704157162823,0.9424061194375358,0.030866922810673714,0.9968456292189456,0.9881792940361049,4.291371331604538,1.2565733464613287,3.03479798514321,0.09006080008111894,3.570916800061241,cuda,images/cut/000/rrdb_esrgan_x4.png
hazelnut/test/cut/001.png,1,cut,bicubic_x4,4.996532440185547,36.17862577748486,0.9210928089533027,0.1723957061767578,0.9626492430608099,0.875774793962416,3.813643974306075,1.7376348352606363,2.0760091390454383,0.0,3.2185696000233293,cuda,images/cut/001/bicubic_x4.png
hazelnut/test/cut/001.png,1,cut,swinir_x4,4.501245498657227,38.89289143839487,0.9536313736114628,0.07853895425796509,0.9778874573972367,0.9265363418736755,3.667544307727495,1.4231572349318087,2.2443870727956865,0.3895514999749139,3.195336400065571,cuda,images/cut/001/swinir_x4.png
hazelnut/test/cut/001.png,1,cut,rrdb_psnr_x4,4.80470085144043,38.93143277057308,0.9542506041420641,0.07528520375490189,0.9676938674883218,0.8927476550737966,3.6306679708298915,1.4175867749182838,2.2130811959116077,0.10898279992397875,3.5074191000312567,cuda,images/cut/001/rrdb_psnr_x4.png
hazelnut/test/cut/001.png,1,cut,rrdb_esrgan_x4,3.9779415130615234,36.858595694951454,0.928279483933974,0.031928420066833496,0.9768107333290889,0.9229594598372889,3.2517485032508273,1.263187074482595,1.9885614287682323,0.08810320007614791,3.4175784999970347,cuda,images/cut/001/rrdb_esrgan_x4.png
hazelnut/test/cut/002.png,1,cut,bicubic_x4,6.0085601806640625,37.641088300758454,0.9370792798230053,0.16599176824092865,0.9960547088033526,0.985865935685104,4.984902868129937,1.7382895989433718,3.246613269186565,0.0,3.2039403999224305,cuda,images/cut/002/bicubic_x4.png
hazelnut/test/cut/002.png,1,cut,swinir_x4,5.606401443481445,39.59953054713773,0.9559079352786357,0.097765251994133,0.9975718848575368,0.990828088352563,4.717038890411114,1.3670709471824012,3.3499679432287133,0.37434390000998974,3.126933400053531,cuda,images/cut/002/swinir_x4.png
hazelnut/test/cut/002.png,1,cut,rrdb_psnr_x4,5.842052459716797,39.63631957882112,0.9562648591009518,0.0963917225599289,0.997622115920426,0.9913577002652267,4.866016373845744,1.3615267682703043,3.5044896055754395,0.09152630006428808,3.479528500000015,cuda,images/cut/002/rrdb_psnr_x4.png
hazelnut/test/cut/002.png,1,cut,rrdb_esrgan_x4,5.358573913574219,36.96825515009467,0.9225672950005457,0.03692326694726944,0.9965072832566753,0.9873042431968665,4.276886444373671,1.203683906789852,3.0732025375838194,0.0986076999688521,3.485296000028029,cuda,images/cut/002/rrdb_esrgan_x4.png
hazelnut/test/cut/003.png,1,cut,bicubic_x4,4.281593322753906,37.708588579434455,0.9361401049957688,0.15185588598251343,0.9626926722160039,0.8748587768490762,3.5807382822715996,1.6396054091043228,1.9411328731672768,0.0,3.2187310999725014,cuda,images/cut/003/bicubic_x4.png
hazelnut/test/cut/003.png,1,cut,swinir_x4,5.901189804077148,39.70951779678096,0.9565081678572138,0.0784747302532196,0.9936361881971516,0.9777589083158578,4.4741696265348345,1.3588996770710307,3.115269949463804,0.2776231999741867,3.2936218000249937,cuda,images/cut/003/swinir_x4.png
hazelnut/test/cut/003.png,1,cut,rrdb_psnr_x4,6.38099479675293,39.65837372197544,0.957126463864849,0.08006574213504791,0.9947761324178785,0.9820526639058168,5.0772835644561685,1.3991429593480238,3.678140605108145,0.0844627000624314,3.4205210999352857,cuda,images/cut/003/rrdb_psnr_x4.png
hazelnut/test/cut/003.png,1,cut,rrdb_esrgan_x4,4.888700485229492,36.88917843379387,0.925208667101931,0.04326131194829941,0.993821251874438,0.9787684245285851,3.968698002334334,1.2090821017357074,2.7596159005986265,0.08198399993125349,3.5067903000162914,cuda,images/cut/003/rrdb_esrgan_x4.png
hazelnut/test/cut/004.png,1,cut,bicubic_x4,4.859743118286133,38.19686252540281,0.9410965885493079,0.15947593748569489,0.9740386361511627,0.9039484982321626,4.078153232876345,1.8275987239419873,2.250554508934358,0.0,3.220333499950357,cuda,images/cut/004/bicubic_x4.png
hazelnut/test/cut/004.png,1,cut,swinir_x4,5.5183563232421875,40.72038882585575,0.9607429616994274,0.08111795037984848,0.9854334611977361,0.9523259609629031,4.407340165350934,1.4603709157884022,2.946969249562532,0.3357403000118211,3.272258200100623,cuda,images/cut/004/swinir_x4.png
hazelnut/test/cut/004.png,1,cut,rrdb_psnr_x4,5.795969009399414,40.946418076639546,0.962186479552603,0.07696783542633057,0.9866943477614182,0.9557746174370123,4.802307572124674,1.4789686112775633,3.3233389608471104,0.11625310010276735,3.279698699945584,cuda,images/cut/004/rrdb_psnr_x4.png
hazelnut/test/cut/004.png,1,cut,rrdb_esrgan_x4,5.080665588378906,38.430553310491064,0.9366113736441646,0.034077566117048264,0.985782974033053,0.9522494380888834,4.1297271653045,1.3101397674309476,2.819587397873552,0.0774173999670893,3.3612189000705257,cuda,images/cut/004/rrdb_esrgan_x4.png
hazelnut/test/hole/000.png,1,hole,bicubic_x4,8.153409957885742,35.088619000658,0.9168178181270337,0.19215364754199982,0.9963152230078997,0.9873225351276007,6.430118803748358,1.889155157754606,4.540963645993752,0.0,3.1734403000446036,cuda,images/hole/000/bicubic_x4.png
hazelnut/test/hole/000.png,1,hole,swinir_x4,7.531404495239258,38.016960894883844,0.9464380799079509,0.10501378029584885,0.9965596462908568,0.9880552899387217,6.052079874617522,1.537202303415303,4.514877571202219,0.3953808000078425,3.3760703000007197,cuda,images/hole/000/swinir_x4.png
hazelnut/test/hole/000.png,1,hole,rrdb_psnr_x4,8.082557678222656,37.82068751200989,0.9475716521228591,0.1063532829284668,0.9969483331624999,0.989418738771467,6.378149921122484,1.5455752254069701,4.832574695715514,0.11304240010213107,3.3632382000796497,cuda,images/hole/000/rrdb_psnr_x4.png
hazelnut/test/hole/000.png,1,hole,rrdb_esrgan_x4,6.781059265136719,35.57013245978644,0.9055398485062868,0.04421184957027435,0.9962028614633963,0.9868743008031174,5.4401961595721104,1.3632998123317197,4.076896347240391,0.09467910008970648,3.412361799972132,cuda,images/hole/000/rrdb_esrgan_x4.png
hazelnut/test/hole/001.png,1,hole,bicubic_x4,7.536830902099609,38.16584324597224,0.9380593482194789,0.15593332052230835,0.9994466776678469,0.9968931430428667,6.1023213267326355,1.6162486007146921,4.486072726017944,0.0,3.273532999912277,cuda,images/hole/001/bicubic_x4.png
hazelnut/test/hole/001.png,1,hole,swinir_x4,7.7034149169921875,40.180801634270004,0.9573165608719284,0.08061181008815765,0.999664181687042,0.9980504829914792,6.14499973708933,1.282530712164099,4.862469024925232,0.38004179997369647,3.4999191999668255,cuda,images/hole/001/swinir_x4.png
hazelnut/test/hole/001.png,1,hole,rrdb_psnr_x4,7.949419021606445,40.43341384823954,0.9586327894195144,0.07955296337604523,0.9995808532107419,0.9975363204897185,6.297166762929974,1.277950425336287,5.019216337593687,0.10759180004242808,3.3738751000491902,cuda,images/hole/001/rrdb_psnr_x4.png
hazelnut/test/hole/001.png,1,hole,rrdb_esrgan_x4,7.125064849853516,37.53525032504036,0.922963080661619,0.03880979120731354,0.9996240352717753,0.9974721924728935,5.76211415457003,1.1405411815361242,4.621572973033906,0.07722700003068894,3.357891199993901,cuda,images/hole/001/rrdb_esrgan_x4.png
hazelnut/test/hole/002.png,1,hole,bicubic_x4,9.879905700683594,37.232888872398455,0.9306758076943159,0.15817883610725403,0.9984415897852876,0.9940602628601664,7.834179175031054,1.8204846444495764,6.013694530581478,0.0,3.2144842999987304,cuda,images/hole/002/bicubic_x4.png
hazelnut/test/hole/002.png,1,hole,swinir_x4,8.503133773803711,39.29286644239846,0.9515475990289556,0.08196155726909637,0.9984596686875402,0.9943296782861554,6.736625241709279,1.3959677580399603,5.340657483669319,0.28810299991164356,3.554219999932684,cuda,images/hole/002/swinir_x4.png
hazelnut/test/hole/002.png,1,hole,rrdb_psnr_x4,8.984375,39.57325773930346,0.9528511619365528,0.07982213795185089,0.998400525481638,0.994100487312611,7.022262187056489,1.3955852436504712,5.626676943406018,0.09883319993969053,3.358562199980952,cuda,images/hole/002/rrdb_psnr_x4.png
hazelnut/test/hole/002.png,1,hole,rrdb_esrgan_x4,8.041862487792969,37.586213910041096,0.9242147074162496,0.03548208996653557,0.9982671217481459,0.9936773201792006,6.36825073996743,1.2663678349998058,5.101882904967624,0.10798299999441952,3.3627888000337407,cuda,images/hole/002/rrdb_esrgan_x4.png
hazelnut/test/hole/003.png,1,hole,bicubic_x4,9.484426498413086,37.15815505132245,0.9384178629866703,0.15385226905345917,0.9989693294543751,0.9691726152067539,7.210509762372056,1.674161500441865,5.536348261930192,0.0,3.255877000046894,cuda,images/hole/003/bicubic_x4.png
hazelnut/test/hole/003.png,1,hole,swinir_x4,9.135364532470703,39.99463599799236,0.9598824272856529,0.07636358588933945,0.9990930444481766,0.976236446546678,6.907973162115437,1.349122188854641,5.558850973260796,0.25334519997704774,3.4526537000201643,cuda,images/hole/003/swinir_x4.png
hazelnut/test/hole/003.png,1,hole,rrdb_psnr_x4,9.515277862548828,40.124098308016755,0.9608385016322263,0.0744788721203804,0.9991058199289766,0.9735408192757665,7.162640434421905,1.3595674917777028,5.803072942644203,0.11211450002156198,3.4320025999331847,cuda,images/hole/003/rrdb_psnr_x4.png
hazelnut/test/hole/003.png,1,hole,rrdb_esrgan_x4,8.807281494140625,37.75877108439788,0.9307910024325995,0.039726294577121735,0.9988801773153867,0.973143709814947,6.538512729618647,1.2312280597905296,5.3072846698281175,0.10128619999159127,3.389801500015892,cuda,images/hole/003/rrdb_esrgan_x4.png
hazelnut/test/hole/004.png,1,hole,bicubic_x4,7.74901008605957,36.46092410335931,0.9269467460145019,0.15699076652526855,0.9986736331768292,0.9950178554636845,6.7279979970004105,1.8030191002393585,4.924978896761052,0.0,3.200861299992539,cuda,images/hole/004/bicubic_x4.png
hazelnut/test/hole/004.png,1,hole,swinir_x4,7.431528091430664,39.28735026097052,0.9537073368231846,0.078577920794487,0.9984642715779943,0.9943453598027188,6.289722787367331,1.467593607142868,4.822129180224463,0.24989620002452284,3.2375968999695033,cuda,images/hole/004/swinir_x4.png
hazelnut/test/hole/004.png,1,hole,rrdb_psnr_x4,7.775312423706055,39.49814179678414,0.9545466767747758,0.07233387231826782,0.9988771723418539,0.9956660682042995,6.552965399381277,1.4663070296097491,5.086658369771528,0.08531330002006143,3.1747586999554187,cuda,images/hole/004/rrdb_psnr_x4.png
hazelnut/test/hole/004.png,1,hole,rrdb_esrgan_x4,7.151956558227539,36.572431227843175,0.9115196711770356,0.0605117566883564,0.9990966753629591,0.9964313218874673,6.03355084432138,1.4104716924763447,4.623079151845035,0.07872869994025677,3.205857799970545,cuda,images/hole/004/rrdb_esrgan_x4.png
hazelnut/test/print/000.png,1,print,bicubic_x4,10.849538803100586,30.30410810980189,0.9298854503417773,0.19357161223888397,0.9890723566786221,0.9617570711415029,7.6244043273571425,1.858767557712721,5.765636769644422,0.0,3.432205199962482,cuda,images/print/000/bicubic_x4.png
hazelnut/test/print/000.png,1,print,swinir_x4,11.099540710449219,32.47404461620013,0.9535729462745173,0.09022258967161179,0.9889069321249191,0.9598358204829448,7.660981477943876,1.5014839921260654,6.159497485817811,0.20256200002040714,3.1689352999674156,cuda,images/print/000/swinir_x4.png
hazelnut/test/print/000.png,1,print,rrdb_psnr_x4,11.451358795166016,32.743686263883866,0.9560207233637552,0.0856577455997467,0.9888365965258092,0.9600463088124322,7.806214109953848,1.490603224247444,6.315610885706404,0.0855163000524044,3.118317999993451,cuda,images/print/000/rrdb_psnr_x4.png
hazelnut/test/print/000.png,1,print,rrdb_esrgan_x4,10.352529525756836,30.25200985256541,0.9146600279801462,0.046908583492040634,0.989877579479989,0.964522809453859,7.135705563478978,1.4116007131559918,5.724104850322986,0.09193879994563758,3.2538860000204295,cuda,images/print/000/rrdb_esrgan_x4.png
hazelnut/test/print/001.png,1,print,bicubic_x4,8.708721160888672,30.82184378346774,0.9431104415300592,0.17556782066822052,0.9881059357958215,0.9133759016056497,7.04159850302278,1.8289795246792944,5.212618978343486,0.0,3.1219504999462515,cuda,images/print/001/bicubic_x4.png
hazelnut/test/print/001.png,1,print,swinir_x4,10.452577590942383,32.603233044354475,0.9636604454189395,0.07843577116727829,0.9873840081580102,0.912670580095501,7.022580340059569,1.4962034268764548,5.526376913183115,0.22641970007680357,3.0348152000224218,cuda,images/print/001/swinir_x4.png
hazelnut/test/print/001.png,1,print,rrdb_psnr_x4,10.36068344116211,32.57299421937934,0.9645878276590619,0.0797421932220459,0.9882325979783217,0.9145696150512758,7.201692004072766,1.4832995061688012,5.718392497903965,0.09953739994671196,3.185890999971889,cuda,images/print/001/rrdb_psnr_x4.png
hazelnut/test/print/001.png,1,print,rrdb_esrgan_x4,8.97906494140625,30.839110389439462,0.9412462282508555,0.05343281850218773,0.9900251745398471,0.9185160737061112,6.608738154920625,1.4053224794117156,5.20341567550891,0.09907739993650466,3.2658176999539137,cuda,images/print/001/rrdb_esrgan_x4.png
hazelnut/test/print/002.png,1,print,bicubic_x4,9.91766357421875,31.21274767655015,0.9085168865535375,0.16904719173908234,0.9834462285018022,0.9053365307373828,7.378037092747626,2.050358350640793,5.3276787421068335,0.0,3.1500381999649107,cuda,images/print/002/bicubic_x4.png
hazelnut/test/print/002.png,1,print,swinir_x4,11.054180145263672,34.810658880706534,0.9476127792696794,0.07213330268859863,0.9837055694183228,0.9040133223141419,8.094637561541099,1.806191425966589,6.288446135574509,0.2955900999950245,3.0823879999807104,cuda,images/print/002/swinir_x4.png
hazelnut/test/print/002.png,1,print,rrdb_psnr_x4,11.685375213623047,34.623236450552824,0.948030337878527,0.06539484858512878,0.9819762126103302,0.8957934759930168,8.340758391789027,1.8226318138698132,6.5181265779192135,0.10135120002087206,3.3028127999277785,cuda,images/print/002/rrdb_psnr_x4.png
hazelnut/test/print/002.png,1,print,rrdb_esrgan_x4,10.020483016967773,32.27046129447715,0.9025963056515328,0.043067704886198044,0.9850866286224809,0.9126115969900095,7.3559194975472115,1.6552217362397426,5.7006977613074685,0.08713900006841868,3.2738481999840587,cuda,images/print/002/rrdb_esrgan_x4.png
hazelnut/test/print/003.png,1,print,bicubic_x4,7.002475738525391,35.7294985879625,0.9386280657680341,0.1720704436302185,0.9928008262959639,0.9755746937157765,5.344916600733995,1.758557329757696,3.5863592709762995,0.0,3.127389899920672,cuda,images/print/003/bicubic_x4.png
hazelnut/test/print/003.png,1,print,swinir_x4,7.357398986816406,37.9734928286604,0.9588641741012695,0.10502540320158005,0.9950413672101647,0.9831933166427176,5.242046970046228,1.3112402771515699,3.9308066928946586,0.23049190000165254,3.0527434999821708,cuda,images/print/003/swinir_x4.png
hazelnut/test/print/003.png,1,print,rrdb_psnr_x4,7.42486572265625,37.960157300149284,0.9596372373966296,0.10284284502267838,0.995266207481143,0.9839900612266252,5.343358398311668,1.2836973013475783,4.05966109696409,0.08594899997115135,3.2978826999897137,cuda,images/print/003/rrdb_psnr_x4.png
hazelnut/test/print/003.png,1,print,rrdb_esrgan_x4,6.673545837402344,34.69120394546957,0.9234772661859325,0.044650085270404816,0.9954325181005449,0.9844648676423037,4.921512943795985,1.212298872759359,3.709214071036626,0.08922069997061044,3.255127300042659,cuda,images/print/003/rrdb_esrgan_x4.png
hazelnut/test/print/004.png,1,print,bicubic_x4,8.31233024597168,30.302615530696535,0.9117576522463141,0.20437169075012207,0.9952546840379208,0.9839624139652519,6.807817964510982,1.8462383837325036,4.961579580778478,0.0,3.038815399981104,cuda,images/print/004/bicubic_x4.png
hazelnut/test/print/004.png,1,print,swinir_x4,9.14619255065918,32.48987347463212,0.9421509365976095,0.10666301101446152,0.9943106638280181,0.9808263372832862,7.100464960127786,1.4786940251934846,5.621770934934301,0.3725665000965819,3.073727099923417,cuda,images/print/004/swinir_x4.png
hazelnut/test/print/004.png,1,print,rrdb_psnr_x4,9.57435417175293,32.37374481845786,0.942556121395998,0.1050722673535347,0.9940697075118852,0.9800715826460282,7.2549674433585825,1.504478392071348,5.750489051287234,0.1039943000068888,3.3690376000013202,cuda,images/print/004/rrdb_psnr_x4.png
hazelnut/test/print/004.png,1,print,rrdb_esrgan_x4,7.967912673950195,31.00208504310864,0.9129277070442038,0.05175049230456352,0.9964670104013017,0.9880094955235963,6.021432231916408,1.2956613824787613,4.725770849437646,0.0799203000497073,3.2648628000169992,cuda,images/print/004/rrdb_esrgan_x4.png
