artifact,sha256,size_bytes,git_tracked,note
archive/hazelnut-pilot25-gpu.zip,cab69ad9b9ad4b54177ff8cdb575fdb5244f13aa68a68006cc83fe4a222e0d46,23686816,no,received source archive
raw/results.json,c1c3189604916665639db57568a4be4b078bdb9a000cf839cc3cedf2464669b8,21419,no,original runner output with executor-local absolute paths
results/results.json,1d71d4e435be3a953b8f78fbad5fd1a28b0644105d88f54fa0305ae366e2352b,21239,yes,only manifest and model_dir paths normalized to repository-relative paths
results/summary.csv,3733c4d760248a85cfa0dbaae6d10e1fbf5bdd9df559809cdd06ace851823fa9,837,yes,byte-identical to source archive
results/per_image.csv,6aa38f1764b27e3f75e83db85b69f30c1c239ddc1e2363a4dc092356cf2c0b22,27223,yes,byte-identical to source archive
results/regression_taxonomy.csv,da9bde841f28309882e52aa12f08d9ebd0cbe40da8ee8707aefd930142ac610e,15416,yes,byte-identical to source archive
results/objective_pair_per_image.csv,26dc6084d89ac42e2b1b87184911e41e3be75353689e6fb5dc1b982a7b5b3851,4495,yes,byte-identical to source archive
raw/bicubic_x4_predictions.npz,a993edd7d124a80c931508933be5adfeacd145d53f3da7d7c3d714bd779a2c89,4435676,no,team archive only
raw/swinir_x4_predictions.npz,9a94f30a5c671a159e4698647de136ef1ecb2826efcb705d5d04c6eb2bb20fb9,4445518,no,team archive only
raw/rrdb_psnr_x4_predictions.npz,41a94b43a3d5a6e57b91fe006af583d99b7673e9c74c9354cf8e3aa503fa6c73,4446959,no,team archive only
raw/rrdb_esrgan_x4_predictions.npz,b5d5953e5f6f9fef4fe58f4ccaf9314048aca0d76305512b73c5c2889cf2d877,4427151,no,team archive only
