sample,defect_type,variant,baseline_variant,regression_type,per_image_aupro,delta_per_image_aupro,per_image_pixel_auroc,delta_per_image_pixel_auroc,roi_mean,delta_roi_mean,roi_bg_gap,delta_roi_bg_gap,defect_area_ratio
hazelnut/test/crack/000.png,crack,swinir_x4,bicubic_x4,suppression,0.19494517291625182,-0.0005805068829393967,0.9917313896958608,-0.0005846191365462827,5.159320443321541,-0.6779482034669408,3.732648450317315,-0.317219232042123,0.08250956632653061
hazelnut/test/crack/000.png,crack,rrdb_psnr_x4,bicubic_x4,suppression,0.19407456106849977,-0.001451118730691453,0.99052060128956,-0.0017954075428471272,5.220059680506803,-0.6172089662816793,3.7869588671979364,-0.2629088151615018,0.08250956632653061
hazelnut/test/crack/000.png,crack,rrdb_esrgan_x4,bicubic_x4,improvement_or_tie,0.1959919154968784,0.00046623569768716733,0.9935019689484768,0.0011859601160696398,4.561375206996853,-1.2758934397916288,3.2564500944837924,-0.7934175878756458,0.08250956632653061
hazelnut/test/crack/001.png,crack,swinir_x4,bicubic_x4,suppression,0.9605853203935087,-0.02221360732899358,0.9881889425013224,-0.006676079035864202,5.109377452428374,-0.5731985049576043,3.6635911478717897,-0.2368832448181677,0.08278858418367346
hazelnut/test/crack/001.png,crack,rrdb_psnr_x4,bicubic_x4,suppression,0.9522531198768468,-0.030545807845655526,0.9856890704989703,-0.009175951038216335,5.222324931856871,-0.46025102552910724,3.74184377424078,-0.15863061844917725,0.08278858418367346
hazelnut/test/crack/001.png,crack,rrdb_esrgan_x4,bicubic_x4,suppression,0.9543738688092354,-0.028425058913266965,0.9863341875367346,-0.008530834000451959,4.606537218787203,-1.0760387385987755,3.2885940693066296,-0.6118803233833279,0.08278858418367346
hazelnut/test/crack/002.png,crack,swinir_x4,bicubic_x4,geometry_candidate,0.43121528593109665,-0.03720411764692533,0.9267456326145106,0.006916507685337581,3.537618820937935,0.06988094869443184,1.9948209437759843,0.3531408485003531,0.01650191326530612
hazelnut/test/crack/002.png,crack,rrdb_psnr_x4,bicubic_x4,geometry_candidate,0.44503633404924803,-0.023383069528773948,0.9363956475532734,0.01656652262410041,3.6122301242489745,0.14449225200547122,2.0645424281889406,0.42286233291330944,0.01650191326530612
hazelnut/test/crack/002.png,crack,rrdb_esrgan_x4,bicubic_x4,improvement_or_tie,0.5231957723003304,0.054776368722308455,0.9434110780422115,0.023581953113038456,3.1974279311832023,-0.27030994106030093,1.8600447954664656,0.21836470019083443,0.01650191326530612
hazelnut/test/crack/003.png,crack,swinir_x4,bicubic_x4,improvement_or_tie,0.8910255454026696,0.058015182276932364,0.9664769991656419,0.02020388428032005,3.842046044412617,-0.11926159180166707,2.381887100026157,0.1700990484420215,0.028081154336734693
hazelnut/test/crack/003.png,crack,rrdb_psnr_x4,bicubic_x4,improvement_or_tie,0.9281120455024646,0.09510168237672734,0.9780750220232204,0.031801907137898544,4.0491443775155345,0.08783674130125041,2.5745340826112146,0.36274603102707914,0.028081154336734693
hazelnut/test/crack/003.png,crack,rrdb_esrgan_x4,bicubic_x4,improvement_or_tie,0.9021083238907561,0.06909796076501884,0.970415950599411,0.02414283571408915,3.6948512636912976,-0.2664563725229865,2.349320819395433,0.13753276781129742,0.028081154336734693
hazelnut/test/crack/004.png,crack,swinir_x4,bicubic_x4,geometry_candidate,0.9901378690533051,-0.001799973605123295,0.9971031785795094,-0.0005558308709838755,4.691674411632834,0.11421922242359184,3.255366397501788,0.4269043910246384,0.03535554846938776
hazelnut/test/crack/004.png,crack,rrdb_psnr_x4,bicubic_x4,geometry_candidate,0.9906893539623318,-0.0012484886960966168,0.9972779409871861,-0.0003810684633070993,4.972305295701226,0.39485010649198315,3.528763113012488,0.7003011065353384,0.03535554846938776
hazelnut/test/crack/004.png,crack,rrdb_esrgan_x4,bicubic_x4,geometry_candidate,0.9880044074071436,-0.003933435251284867,0.9964625403079722,-0.0011964691425210283,4.472707630816549,-0.10474755839269356,3.1237099311370433,0.2952479246598938,0.03535554846938776
hazelnut/test/cut/000.png,cut,swinir_x4,bicubic_x4,suppression,0.9877171965406267,-0.00462370310980309,0.9967583282583155,-0.001380914123681909,4.540332341472462,-0.49877306088399376,3.164612441920913,-0.08907751955743848,0.005121970663265306
hazelnut/test/cut/000.png,cut,rrdb_psnr_x4,bicubic_x4,suppression,0.9874526954158604,-0.004888204234569371,0.9966406278560372,-0.001498614525960118,4.613707813307469,-0.4253975890489867,3.252503148804667,-0.0011868126736844786,0.005121970663265306
hazelnut/test/cut/000.png,cut,rrdb_esrgan_x4,bicubic_x4,suppression,0.9881792940361049,-0.004161605614324881,0.9968456292189456,-0.0012936131630517655,4.291371331604538,-0.7477340707519176,3.03479798514321,-0.2188919763351418,0.005121970663265306
hazelnut/test/cut/001.png,cut,swinir_x4,bicubic_x4,improvement_or_tie,0.9265363418736755,0.05076154791125953,0.9778874573972367,0.015238214336426803,3.667544307727495,-0.14609966657857987,2.2443870727956865,0.16837793375024823,0.020268654336734693
hazelnut/test/cut/001.png,cut,rrdb_psnr_x4,bicubic_x4,improvement_or_tie,0.8927476550737966,0.016972861111380633,0.9676938674883218,0.005044624427511857,3.6306679708298915,-0.18297600347618337,2.2130811959116077,0.1370720568661694,0.020268654336734693
hazelnut/test/cut/001.png,cut,rrdb_esrgan_x4,bicubic_x4,improvement_or_tie,0.9229594598372889,0.04718466587487291,0.9768107333290889,0.014161490268278953,3.2517485032508273,-0.5618954710552475,1.9885614287682323,-0.08744771027720599,0.020268654336734693
hazelnut/test/cut/002.png,cut,swinir_x4,bicubic_x4,improvement_or_tie,0.990828088352563,0.00496215266745903,0.9975718848575368,0.0015171760541842216,4.717038890411114,-0.26786397771882253,3.3499679432287133,0.10335467404214826,0.008091517857142858
hazelnut/test/cut/002.png,cut,rrdb_psnr_x4,bicubic_x4,improvement_or_tie,0.9913577002652267,0.005491764580122793,0.997622115920426,0.0015674071170734827,4.866016373845744,-0.11888649428419296,3.5044896055754395,0.2578763363888745,0.008091517857142858
hazelnut/test/cut/002.png,cut,rrdb_esrgan_x4,bicubic_x4,improvement_or_tie,0.9873042431968665,0.0014383075117625488,0.9965072832566753,0.0004525744533226961,4.276886444373671,-0.7080164237562654,3.0732025375838194,-0.17341073160274556,0.008091517857142858
hazelnut/test/cut/003.png,cut,swinir_x4,bicubic_x4,improvement_or_tie,0.9777589083158578,0.10290013146678156,0.9936361881971516,0.03094351598114775,4.4741696265348345,0.8934313442632349,3.115269949463804,1.1741370762965273,0.006995376275510204
hazelnut/test/cut/003.png,cut,rrdb_psnr_x4,bicubic_x4,improvement_or_tie,0.9820526639058168,0.1071938870567406,0.9947761324178785,0.03208346020187469,5.0772835644561685,1.4965452821845688,3.678140605108145,1.737007731940868,0.006995376275510204
hazelnut/test/cut/003.png,cut,rrdb_esrgan_x4,bicubic_x4,improvement_or_tie,0.9787684245285851,0.10390964767950894,0.993821251874438,0.031128579658434186,3.968698002334334,0.38795972006273427,2.7596159005986265,0.8184830274313497,0.006995376275510204
hazelnut/test/cut/004.png,cut,swinir_x4,bicubic_x4,improvement_or_tie,0.9523259609629031,0.048377462730740506,0.9854334611977361,0.011394825046573409,4.407340165350934,0.3291869324745891,2.946969249562532,0.6964147406281742,0.01385124362244898
hazelnut/test/cut/004.png,cut,rrdb_psnr_x4,bicubic_x4,improvement_or_tie,0.9557746174370123,0.0518261192048497,0.9866943477614182,0.012655711610255471,4.802307572124674,0.7241543392483285,3.3233389608471104,1.0727844519127525,0.01385124362244898
hazelnut/test/cut/004.png,cut,rrdb_esrgan_x4,bicubic_x4,improvement_or_tie,0.9522494380888834,0.04830093985672079,0.985782974033053,0.011744337881890332,4.1297271653045,0.051573932428154556,2.819587397873552,0.5690328889391942,0.01385124362244898
hazelnut/test/hole/000.png,hole,swinir_x4,bicubic_x4,improvement_or_tie,0.9880552899387217,0.0007327548111210058,0.9965596462908568,0.0002444232829571513,6.052079874617522,-0.3780389291308355,4.514877571202219,-0.026086074791533242,0.01779735331632653
hazelnut/test/hole/000.png,hole,rrdb_psnr_x4,bicubic_x4,improvement_or_tie,0.989418738771467,0.0020962036438663123,0.9969483331624999,0.0006331101546002138,6.378149921122484,-0.05196888262587418,4.832574695715514,0.29161104972176144,0.01779735331632653
hazelnut/test/hole/000.png,hole,rrdb_esrgan_x4,bicubic_x4,suppression,0.9868743008031174,-0.0004482343244832654,0.9962028614633963,-0.00011236154450333657,5.4401961595721104,-0.9899226441762474,4.076896347240391,-0.4640672987533616,0.01779735331632653
hazelnut/test/hole/001.png,hole,swinir_x4,bicubic_x4,improvement_or_tie,0.9980504829914792,0.0011573399486125568,0.999664181687042,0.00021750401919506945,6.14499973708933,0.04267841035669484,4.862469024925232,0.376396298907288,0.0052614795918367345
hazelnut/test/hole/001.png,hole,rrdb_psnr_x4,bicubic_x4,improvement_or_tie,0.9975363204897185,0.0006431774468518281,0.9995808532107419,0.00013417554289496536,6.297166762929974,0.19484543619733863,5.019216337593687,0.5331436115757437,0.0052614795918367345
hazelnut/test/hole/001.png,hole,rrdb_esrgan_x4,bicubic_x4,improvement_or_tie,0.9974721924728935,0.0005790494300268456,0.9996240352717753,0.0001773576039284519,5.76211415457003,-0.34020717216260543,4.621572973033906,0.13550024701596275,0.0052614795918367345
hazelnut/test/hole/002.png,hole,swinir_x4,bicubic_x4,improvement_or_tie,0.9943296782861554,0.0002694154259890169,0.9984596686875402,1.8078902252582907e-05,6.736625241709279,-1.097553933321775,5.340657483669319,-0.6730370469121594,0.009068080357142858
hazelnut/test/hole/002.png,hole,rrdb_psnr_x4,bicubic_x4,improvement_or_tie,0.994100487312611,4.022445244467043e-05,0.998400525481638,-4.106430364958502e-05,7.022262187056489,-0.8119169879745654,5.626676943406018,-0.3870175871754604,0.009068080357142858
hazelnut/test/hole/002.png,hole,rrdb_esrgan_x4,bicubic_x4,suppression,0.9936773201792006,-0.0003829426809657255,0.9982671217481459,-0.00017446803714171732,6.36825073996743,-1.4659284350636241,5.101882904967624,-0.9118116256138542,0.009068080357142858
hazelnut/test/hole/003.png,hole,swinir_x4,bicubic_x4,improvement_or_tie,0.976236446546678,0.007063831339924054,0.9990930444481766,0.00012371499380148254,6.907973162115437,-0.30253660025661944,5.558850973260796,0.02250271133060444,0.011639030612244899
hazelnut/test/hole/003.png,hole,rrdb_psnr_x4,bicubic_x4,improvement_or_tie,0.9735408192757665,0.004368204069012616,0.9991058199289766,0.00013649047460151387,7.162640434421905,-0.047869327950150975,5.803072942644203,0.26672468071401134,0.011639030612244899
hazelnut/test/hole/003.png,hole,rrdb_esrgan_x4,bicubic_x4,improvement_or_tie,0.973143709814947,0.003971094608193115,0.9988801773153867,-8.915213898841312e-05,6.538512729618647,-0.671997032753409,5.3072846698281175,-0.22906359210207405,0.011639030612244899
hazelnut/test/hole/004.png,hole,swinir_x4,bicubic_x4,suppression,0.9943453598027188,-0.0006724956609657218,0.9984642715779943,-0.00020936159883488958,6.289722787367331,-0.43827520963307975,4.822129180224463,-0.10284971653658914,0.014748086734693877
hazelnut/test/hole/004.png,hole,rrdb_psnr_x4,bicubic_x4,improvement_or_tie,0.9956660682042995,0.0006482127406149951,0.9988771723418539,0.00020353916502469094,6.552965399381277,-0.1750325976191336,5.086658369771528,0.16167947301047558,0.014748086734693877
hazelnut/test/hole/004.png,hole,rrdb_esrgan_x4,bicubic_x4,improvement_or_tie,0.9964313218874673,0.0014134664237828165,0.9990966753629591,0.0004230421861298739,6.03355084432138,-0.6944471526790306,4.623079151845035,-0.30189974491601745,0.014748086734693877
hazelnut/test/print/000.png,print,swinir_x4,bicubic_x4,geometry_candidate,0.9598358204829448,-0.0019212506585580824,0.9889069321249191,-0.00016542455370305298,7.660981477943876,0.03657715058673361,6.159497485817811,0.39386071617338914,0.04934630102040816
hazelnut/test/print/000.png,print,rrdb_psnr_x4,bicubic_x4,geometry_candidate,0.9600463088124322,-0.0017107623290706364,0.9888365965258092,-0.00023576015281290275,7.806214109953848,0.1818097825967051,6.315610885706404,0.549974116061982,0.04934630102040816
hazelnut/test/print/000.png,print,rrdb_esrgan_x4,bicubic_x4,improvement_or_tie,0.964522809453859,0.0027657383123561585,0.989877579479989,0.0008052228013668561,7.135705563478978,-0.4886987638781646,5.724104850322986,-0.04153191932143585,0.04934630102040816
hazelnut/test/print/001.png,print,swinir_x4,bicubic_x4,geometry_candidate,0.912670580095501,-0.0007053215101487931,0.9873840081580102,-0.0007219276378113149,7.022580340059569,-0.019018162963210905,5.526376913183115,0.31375793483962866,0.0333625637755102
hazelnut/test/print/001.png,print,rrdb_psnr_x4,bicubic_x4,improvement_or_tie,0.9145696150512758,0.0011937134456260212,0.9882325979783217,0.00012666218250023675,7.201692004072766,0.16009350104998532,5.718392497903965,0.5057735195604787,0.0333625637755102
hazelnut/test/print/001.png,print,rrdb_esrgan_x4,bicubic_x4,improvement_or_tie,0.9185160737061112,0.005140172100461471,0.9900251745398471,0.0019192387440255532,6.608738154920625,-0.4328603481021549,5.20341567550891,-0.009203302834576377,0.0333625637755102
hazelnut/test/print/002.png,print,swinir_x4,bicubic_x4,geometry_candidate,0.9040133223141419,-0.0013232084232409624,0.9837055694183228,0.00025934091652057845,8.094637561541099,0.7166004687934722,6.288446135574509,0.9607673934676759,0.024553571428571428
hazelnut/test/print/002.png,print,rrdb_psnr_x4,bicubic_x4,geometry_candidate,0.8957934759930168,-0.009543054744366009,0.9819762126103302,-0.0014700158914719985,8.340758391789027,0.9627212990414007,6.5181265779192135,1.19044783581238,0.024553571428571428
hazelnut/test/print/002.png,print,rrdb_esrgan_x4,bicubic_x4,improvement_or_tie,0.9126115969900095,0.0072750662526266385,0.9850866286224809,0.0016404001206786756,7.3559194975472115,-0.022117595200414897,5.7006977613074685,0.37301901920063507,0.024553571428571428
hazelnut/test/print/003.png,print,swinir_x4,bicubic_x4,improvement_or_tie,0.9831933166427176,0.007618622926941043,0.9950413672101647,0.0022405409142007837,5.242046970046228,-0.102869630687767,3.9308066928946586,0.3444474219183591,0.02295918367346939
hazelnut/test/print/003.png,print,rrdb_psnr_x4,bicubic_x4,improvement_or_tie,0.9839900612266252,0.008415367510848704,0.995266207481143,0.0024653811851791385,5.343358398311668,-0.0015582024223270707,4.05966109696409,0.4733018259877908,0.02295918367346939
hazelnut/test/print/003.png,print,rrdb_esrgan_x4,bicubic_x4,improvement_or_tie,0.9844648676423037,0.008890173926527134,0.9954325181005449,0.0026316918045810045,4.921512943795985,-0.4234036569380102,3.709214071036626,0.12285480006032667,0.02295918367346939
hazelnut/test/print/004.png,print,swinir_x4,bicubic_x4,geometry_candidate,0.9808263372832862,-0.0031360766819656938,0.9943106638280181,-0.0009440202099026962,7.100464960127786,0.29264699561680363,5.621770934934301,0.6601913541558231,0.039919483418367346
hazelnut/test/print/004.png,print,rrdb_psnr_x4,bicubic_x4,geometry_candidate,0.9800715826460282,-0.003890831319223631,0.9940697075118852,-0.0011849765260356637,7.2549674433585825,0.44714947884760026,5.750489051287234,0.7889094705087558,0.039919483418367346
hazelnut/test/print/004.png,print,rrdb_esrgan_x4,bicubic_x4,improvement_or_tie,0.9880094955235963,0.004047081558344434,0.9964670104013017,0.0012123263633808667,6.021432231916408,-0.7863857325945744,4.725770849437646,-0.2358087313408319,0.039919483418367346
