index,sample,defect_type,defect_area,defect_area_ratio,bicubic_roi_mean,swinir_roi_mean,delta_roi_mean,bicubic_roi_max,swinir_roi_max,delta_roi_max,bicubic_background_mean,swinir_background_mean,bicubic_roi_bg_gap,swinir_roi_bg_gap,delta_roi_bg_gap,bicubic_roi_bg_ratio,swinir_roi_bg_ratio,map_pearson_corr,bicubic_per_image_pixel_auroc,swinir_per_image_pixel_auroc,delta_per_image_pixel_auroc,bicubic_per_image_aupro,swinir_per_image_aupro,delta_per_image_aupro
0,hazelnut/test/crack/000.png,crack,4140,0.08250956632653061,5.848887866994609,5.1376973198519815,-0.7111905471426274,7.25612211227417,6.2601752281188965,-0.9959468841552734,1.8187259968950567,1.4167386541664677,4.030161870099552,3.720958665685514,-0.30920320441403826,3.2159258057452726,3.626425597087082,0.9852575205592675,0.9919796857154011,0.9913694879831495,-0.0006101977322515717,0.1953015320480225,0.19477326315850665,-0.0005282688895158483
1,hazelnut/test/crack/001.png,crack,4154,0.08278858418367346,5.674371558998891,5.10880936781948,-0.5655621911794109,7.339235305786133,6.461620330810547,-0.8776149749755859,1.8136315327127186,1.4480534671060248,3.860740026286172,3.660755900713455,-0.19998412557271728,3.128734506788992,3.528052992428227,0.983459311323301,0.9948779939183385,0.9881823386177723,-0.006695655300566261,0.9828502505772343,0.9604967280969592,-0.022353522480275112
2,hazelnut/test/crack/002.png,crack,828,0.01650191326530612,3.4637719041483415,3.517750898421099,0.05397899427275732,4.216507911682129,4.546273231506348,0.32976531982421875,1.8363075163872165,1.532216388439595,1.627464387761125,1.9855345099815038,0.3580701222203788,1.8862700681871776,2.295857768499374,0.9664973798990362,0.9169407356958899,0.9250098457802792,0.008069110084389375,0.4379161529157543,0.43039099020390864,-0.007525162711845668
3,hazelnut/test/crack/003.png,crack,1409,0.028081154336734693,3.9755852391653828,3.8497044674634426,-0.12588077170194012,4.962947845458984,4.70054817199707,-0.26239967346191406,1.7641569555183425,1.4532072343398048,2.2114282836470402,2.396497233123638,0.18506894947659758,2.253532616091566,2.6491090716406815,0.9824223475108118,0.9481848647403669,0.9666537787052272,0.01846891396486028,0.8378278000898397,0.8916101758721595,0.05378237578231981
4,hazelnut/test/crack/004.png,crack,1774,0.03535554846938776,4.588516477533231,4.66319408182899,0.07467760429575865,5.1734538078308105,5.644712924957275,0.47125911712646484,1.7761417854235422,1.4418849675088332,2.812374692109689,3.2213091143201567,0.40893442221046783,2.583417897822298,3.2340957752584534,0.980828323579936,0.9975050995078935,0.9968490882936578,-0.0006560112142356411,0.9914748686316052,0.9893131844366007,-0.0021616841950045096
5,hazelnut/test/crack/005.png,crack,1017,0.020268654336734693,3.9487212067625634,4.0101125029336036,0.06139129617104011,6.0994744300842285,5.536994934082031,-0.5624794960021973,1.664837946351549,1.3477891300835774,2.2838832604110144,2.662323372850026,0.37844011243901177,2.3718351779619677,2.9753263425450935,0.9731163451188034,0.9541290604326622,0.9724477611158127,0.018318700683150446,0.8469770554159173,0.9079601826350818,0.060983127219164546
6,hazelnut/test/crack/006.png,crack,2676,0.05333227040816327,4.688597017606813,4.789807074228566,0.10121005662175353,5.856631278991699,5.914073944091797,0.057442665100097656,1.6039471104204654,1.3088457495698804,3.084649907186347,3.4809613246586855,0.39631141747233833,2.9231618593568984,3.6595657477610457,0.9720365470754403,0.9839989654629848,0.9854911611989615,0.001492195735976698,0.48079465086853274,0.6931167705405464,0.2123221196720137
7,hazelnut/test/crack/007.png,crack,14671,0.29239078443877553,4.525430922403908,4.350342647046629,-0.1750882753572789,5.8635687828063965,5.753906726837158,-0.10966205596923828,1.804076029703812,1.4487364550729551,2.721354892700096,2.901606191973674,0.18025129927357808,2.5084480076745326,3.0028530253472194,0.9861551013403882,0.9433238687371346,0.9443491956725042,0.0010253269353696082,0.8110761644519688,0.8144448961999498,0.003368731747980913
8,hazelnut/test/crack/008.png,crack,9149,0.18233816964285715,5.519143979944731,5.547181215738648,0.028037235793917148,6.934841156005859,7.641080379486084,0.7062392234802246,1.6247690316706167,1.270596573174379,3.8943749482741143,4.27658464256427,0.3822096942901556,3.396879108576958,4.36580841854462,0.9863404596564117,0.9967735911353686,0.9978118214450498,0.0010382303096811984,0.9892003731081732,0.9926589473340266,0.0034585742258533836
9,hazelnut/test/crack/009.png,crack,15741,0.3137157206632653,4.973818256033928,4.70184431385944,-0.2719739421744878,7.102591037750244,7.385342121124268,0.28275108337402344,1.5982914971551476,1.2295143492330536,3.37552675887878,3.4723299646263865,0.09680320574760648,3.1119594047062087,3.8241475724072327,0.9847778972978695,0.9827446139324412,0.9790254667570694,-0.0037191471753718064,0.9424602123132669,0.9300331219204898,-0.012427090392777118
10,hazelnut/test/crack/010.png,crack,18116,0.36104910714285715,4.526293394791419,4.055327097833696,-0.4709662969577231,6.57905387878418,5.850696086883545,-0.7283577919006348,1.5579954022719424,1.1284425076034503,2.9682979925194766,2.9268845902302454,-0.04141340228923118,2.90520330688458,3.5937383344821603,0.9769895197661332,0.9607868719324153,0.9667343877475263,0.005947515815110993,0.869258265659888,0.88909441229027,0.019836146630382023
11,hazelnut/test/crack/011.png,crack,5014,0.0999282525510204,5.410629363211209,5.125304266614271,-0.28532509659693783,6.76692008972168,6.610281944274902,-0.15663814544677734,1.7850419034270166,1.5097819428304788,3.6255874597841924,3.615522323783792,-0.010065136000400265,3.0310937534987836,3.394731464999214,0.9844710776402714,0.9823157022080348,0.9793779865338569,-0.0029377156741778876,0.9460610981994632,0.93879312931857,-0.007267968880893205
12,hazelnut/test/crack/012.png,crack,1034,0.02060746173469388,3.910976593107043,3.7861491846392648,-0.12482740846777807,5.20283842086792,4.866034030914307,-0.3368043899536133,1.5671081733792276,1.2545064660635585,2.3438684197278152,2.531642718575706,0.18777429884789099,2.495664727900451,3.018038796180619,0.9829065099589647,0.9278355949800707,0.9397330532360844,0.011897458256013627,0.2013229944204236,0.30315597354277196,0.10183297912234837
13,hazelnut/test/crack/013.png,crack,1019,0.020308514030612245,3.661500694590298,3.7700606789275404,0.10855998433724245,4.6045660972595215,4.908614158630371,0.3040480613708496,1.6278008872493328,1.312904392123534,2.033699807340965,2.4571562868040067,0.42345647946304155,2.249354158282542,2.871542437930094,0.9635787848887847,0.9548040412782476,0.9588611986312986,0.004057157353051011,0.9066091119133326,0.8304634102047256,-0.07614570170860702
14,hazelnut/test/crack/014.png,crack,1439,0.02867904974489796,4.085572760497803,4.467723816943881,0.3821510564460775,4.562992095947266,5.147482872009277,0.5844907760620117,1.7583929316971405,1.4195033140066384,2.327179828800663,3.0482205029372427,0.7210406741365798,2.3234697358311993,3.1473852669871167,0.9674386328197448,0.9963092169636569,0.9991222904893097,0.002813073525652743,0.9873692017698545,0.9968586385543348,0.00948943678448022
15,hazelnut/test/crack/015.png,crack,3474,0.06923628826530612,4.744794574391931,4.706808759792824,-0.037985814599107215,6.066745281219482,5.714273452758789,-0.35247182846069336,1.8403063902362506,1.475028468966216,2.9044881841556807,3.231780290826608,0.3272921066709271,2.578263380253119,3.1909951969209267,0.9777786249924482,0.9674378666219337,0.9745079576684685,0.007070091046534888,0.6464277893993923,0.6090106791834029,-0.03741711021598937
16,hazelnut/test/crack/016.png,crack,1888,0.03762755102040816,3.919396725877867,3.52270753719544,-0.39668918868242686,4.920156002044678,4.558943271636963,-0.36121273040771484,1.6934596847571837,1.3294369469071516,2.2259370411206834,2.1932705902882885,-0.03266645083239483,2.3144316697683,2.649774060658378,0.9771410013445417,0.9695609721350569,0.9549653877581966,-0.01459558437686026,0.8276548644012975,0.880183223892716,0.05252835949141843
17,hazelnut/test/crack/017.png,crack,11465,0.22849569515306123,4.53535920925864,4.163531243452795,-0.37182796580584565,6.203202247619629,6.07289981842041,-0.13030242919921875,1.4671850143605936,1.0976735875056682,3.068174194898047,3.0658576559471262,-0.0023165389509207657,3.0911978822487987,3.7930504030017893,0.9862387043924176,0.9840348357075849,0.9800315448809315,-0.004003290826653405,0.94674709943243,0.9333694048827853,-0.013377694549644659
18,hazelnut/test/cut/000.png,cut,257,0.005121970663265306,5.031637321650286,4.571538644078177,-0.460098677572109,5.333761215209961,5.19293737411499,-0.1408238410949707,1.8076813512678633,1.379847370037205,3.2239559703824225,3.1916912740409717,-0.032264696341450794,2.783475814540665,3.313075593248342,0.9696207335517679,0.9979529483677955,0.9965852852827807,-0.001367663085014792,0.9916801664870891,0.9873208345899086,-0.004359331897180518
19,hazelnut/test/cut/001.png,cut,1017,0.020268654336734693,3.8138727096212532,3.66550937796061,-0.1483633316606432,4.678651809692383,4.178187847137451,-0.5004639625549316,1.7539024205146376,1.431215142591096,2.059970289106616,2.2342942353695143,0.1743239462628985,2.1745067827103917,2.561116961999515,0.973551861784038,0.964165183659557,0.9788140055557486,0.014648821896191655,0.8806131125437027,0.9293040158193576,0.04869090327565495
20,hazelnut/test/cut/002.png,cut,406,0.008091517857142858,4.963030479811683,4.7542058910642355,-0.20882458874744714,5.400146007537842,5.086363315582275,-0.3137826919555664,1.760243954748568,1.3771197917032294,3.2027865250631145,3.377086099361006,0.17429957429789145,2.8195128671926604,3.452282016210229,0.9798707949123546,0.9965735486687036,0.9977459367276664,0.0011723880589628033,0.9876980085404354,0.9917083279308135,0.004010319390378103
21,hazelnut/test/cut/003.png,cut,351,0.006995376275510204,3.54773866213285,4.433934729323428,0.886196067190578,3.9447224140167236,5.134434700012207,1.1897122859954834,1.6636731086642194,1.3589495574868748,1.8840655534686308,3.0749851718365533,1.1909196183679225,2.1324734069791913,3.26276623359234,0.9544202515805538,0.9613915942265164,0.9930962356852974,0.031704641458780936,0.8706049520901503,0.9760612285449215,0.10545627645477118
22,hazelnut/test/cut/004.png,cut,695,0.01385124362244898,4.053780836338619,4.407021890269767,0.35324105393114724,4.643651962280273,5.01295804977417,0.3693060874938965,1.8488965941997832,1.472517100834122,2.204884242138836,2.9345047894356444,0.7296205472968085,2.192540593701038,2.99284937864108,0.9685446390578925,0.9721063778713696,0.9851357522740725,0.013029374402702909,0.89846890236703,0.9505867593814871,0.052117857014457036
23,hazelnut/test/cut/005.png,cut,409,0.008151307397959183,4.479257497927379,4.909427355437524,0.4301698575101449,4.783500671386719,5.395095348358154,0.6115946769714355,1.6806412052834667,1.3234339634642107,2.798616292643912,3.585993391973313,0.7873770993294009,2.665207471913603,3.709612637253652,0.9649528797418786,0.9950505787286604,0.9953257239862453,0.0002751452575848745,0.9827109571024771,0.9837247277283616,0.0010137706258844803
24,hazelnut/test/cut/006.png,cut,666,0.01327327806122449,3.9842927491700686,3.9406510476951486,-0.04364170147491997,4.474195957183838,4.343889236450195,-0.13030672073364258,1.7210530891313236,1.3453667328607384,2.263239660038745,2.5952843148344105,0.3320446547956655,2.315031868761865,2.929053433122947,0.9771047445504583,0.9763660145704177,0.9897705016670882,0.013404487096670525,0.9114162154839872,0.9465523161235708,0.03513610063958361
25,hazelnut/test/cut/007.png,cut,434,0.008649553571428572,4.800758212392781,4.601009027199811,-0.19974918519297002,5.100890636444092,5.066051959991455,-0.03483867645263672,1.6718133597745835,1.2931762498138282,3.128944852618197,3.3078327773859826,0.17888792476778548,2.8715874199259206,3.557913337692518,0.9835816577375213,0.995876742424088,0.9962289978501047,0.0003522554260166899,0.9854710366937329,0.9867952274288322,0.001324190735099262
26,hazelnut/test/cut/008.png,cut,1319,0.0262874681122449,3.966777105237427,4.140579739603877,0.17380263436644938,5.390804767608643,5.24393367767334,-0.14687108993530273,1.7470774377669929,1.3905683615617916,2.2196996674704343,2.750011378042085,0.5303117105716506,2.2705216262809267,2.9776168177402367,0.9746669846536665,0.9225020977265846,0.9429876530171145,0.020485555290529867,0.7701034753836127,0.8366877933039246,0.06658431792031194
27,hazelnut/test/cut/009.png,cut,669,0.013333067602040817,4.581914250269778,4.22021415308452,-0.361700097185258,4.870397090911865,4.5948991775512695,-0.2754979133605957,1.682942383206372,1.3088452698364181,2.8989718670634055,2.9113688832481017,0.012397016184696241,2.7225615659760334,3.2243797264224896,0.9812937437887627,0.9970876821544132,0.9962268475388557,-0.0008608346155575264,0.9898850699788303,0.9869070771740603,-0.0029779928047699578
28,hazelnut/test/cut/010.png,cut,379,0.007553411989795918,4.825953361541426,4.5814541864520955,-0.24449917508933083,4.993409633636475,5.243220329284668,0.24981069564819336,1.6360403533826633,1.2482032031293642,3.189913008158763,3.3332509833227313,0.14333797516396807,2.949776484157818,3.6704393763499037,0.9780209700733572,0.9977023337441304,0.9952743759717222,-0.002427957772408229,0.9912836971225427,0.9833392173808777,-0.007944479741665011
29,hazelnut/test/cut/011.png,cut,412,0.00821109693877551,4.637119418209039,5.096678656281777,0.459559238072738,4.79263162612915,5.666034698486328,0.8734030723571777,1.6935967892344292,1.3160253474976187,2.94352262897461,3.7806533087841583,0.8371306798095484,2.7380303550913054,3.8727815280860307,0.9680222461714919,0.9977569857884555,0.9953884763267087,-0.002368509461746826,0.9917729807669547,0.9837899123344385,-0.007983068432516283
30,hazelnut/test/cut/012.png,cut,548,0.01092155612244898,4.842904575549773,4.62759805813323,-0.21530651741654339,5.3268961906433105,5.372857093811035,0.04596090316772461,1.809689329746287,1.4324453955092407,3.0332152458034862,3.195152662623989,0.16193741682050256,2.6760972151108025,3.230558088036646,0.9782256175192289,0.994547682936228,0.9941684012262915,-0.00037928170993650756,0.9810306441481802,0.9797125038510361,-0.0013181402971440548
31,hazelnut/test/cut/013.png,cut,701,0.013970822704081632,4.736050428575524,4.657514528609206,-0.07853589996631793,5.197048664093018,5.424350261688232,0.22730159759521484,1.5975954658898397,1.2308075270488925,3.1384549626856844,3.4267070015603136,0.28825203887462925,2.964486648650825,3.7841128090730236,0.9812555534706344,0.986770361261145,0.9874007463531128,0.0006303850919677778,0.8196686362388429,0.8514971784652519,0.03182854222640896
32,hazelnut/test/cut/014.png,cut,381,0.00759327168367347,4.085229030118526,3.6750157843111695,-0.41021324580735685,4.659675121307373,4.046430587768555,-0.6132445335388184,1.707913197343435,1.3227098404586117,2.3773158327750914,2.3523059438525578,-0.02500988892253364,2.39194183666528,2.778399065237893,0.9752209142526964,0.9862033023058582,0.9922566512201337,0.006053348914275558,0.9532919616095281,0.9735405099666288,0.02024854835710066
33,hazelnut/test/cut/015.png,cut,571,0.011379942602040817,5.312753788435313,5.067746823806896,-0.2450069646284172,5.789393424987793,5.4592461585998535,-0.33014726638793945,1.855436289981841,1.5029800160098683,3.457317498453472,3.564766807797028,0.10744930934355601,2.8633447653906288,3.371799205461706,0.9834347007666592,0.9943518065925717,0.9963328861932207,0.0019810796006489717,0.9807397882854234,0.9873938733625531,0.006654085077129723
34,hazelnut/test/cut/016.png,cut,509,0.010144292091836735,4.504189556380386,4.241053301131093,-0.26313625524929307,4.945503234863281,4.53251838684082,-0.41298484802246094,1.7578966780315817,1.351495717724166,2.7462928783488048,2.889557583406927,0.1432647050581224,2.562260690670391,3.1380442020732118,0.9746355421704891,0.9948956118475966,0.9967279527626487,0.001832340915052133,0.9827370259734679,0.9883972509038552,0.005660224930387314
75,hazelnut/test/hole/000.png,hole,893,0.01779735331632653,6.420566149815199,6.04418550760455,-0.37638064221064926,7.61194372177124,7.165747165679932,-0.4461965560913086,1.900660594608072,1.5365578764158563,4.519905555207128,4.507627631188694,-0.012277924018434305,3.3780708496980023,3.9335879242655634,0.9831926724263028,0.9963335598666285,0.9966328801145038,0.0002993202478752677,0.9873682447279429,0.9882593357768695,0.0008910910489265955
76,hazelnut/test/hole/001.png,hole,264,0.0052614795918367345,6.127376285466281,6.139999059113589,0.01262277364730835,6.765468597412109,6.775391101837158,0.009922504425048828,1.6411950528859915,1.2973955066083172,4.4861812325802894,4.842603552505272,0.35642231992498274,3.733484496368348,4.732557672536514,0.9807830024328896,0.9994525971770923,0.9996600835652567,0.00020748638816436848,0.9968931430428665,0.9979219739873493,0.0010288309444828059
77,hazelnut/test/hole/002.png,hole,455,0.009068080357142858,7.820152717632252,6.783377689319653,-1.036775028312599,9.110922813415527,8.024813652038574,-1.0861091613769531,1.832104596805154,1.4004662546779736,5.988048120827098,5.382911434641679,-0.6051366861854186,4.268398611776385,4.843656651248222,0.983901416406744,0.9984849526290769,0.9984952076543154,1.0255025238548043e-05,0.9941421851882221,0.9945171713840888,0.0003749861958667333
78,hazelnut/test/hole/003.png,hole,584,0.011639030612244899,7.172941562247603,6.905656304261456,-0.26728525798614733,8.477964401245117,8.195958137512207,-0.28200626373291016,1.6998911781017483,1.3539457774019026,5.473050384145854,5.551710526859553,0.07866014271369881,4.219647501352149,5.100393545680075,0.985192402773925,0.99895434416068,0.9990882104824684,0.00013386632178846725,0.9691573417659529,0.9762676635792511,0.007110321813298182
79,hazelnut/test/hole/004.png,hole,740,0.014748086734693877,6.680395439508799,6.233911233979303,-0.4464842055294964,7.444333553314209,7.021214962005615,-0.42311859130859375,1.8264166579344954,1.4676967676170125,4.853978781574304,4.76621446636229,-0.08776431521201378,3.657651396513047,4.247410889989783,0.9864023738068621,0.9986761206954993,0.9984370728848437,-0.00023904781065553493,0.9949482869470327,0.9943116917386682,-0.0006365952083645654
80,hazelnut/test/hole/005.png,hole,782,0.01558514030612245,5.694847525233198,5.220769001090008,-0.47407852414318974,6.381564140319824,5.932891368865967,-0.4486727714538574,1.6489322777426778,1.3006046413259091,4.04591524749052,3.9201643597640987,-0.12575088772642085,3.453657619601707,4.014109157543574,0.9815009295401462,0.9997728479400513,0.9990754181083945,-0.0006974298316567706,0.998784457738619,0.9965215237320829,-0.0022629340065360992
81,hazelnut/test/hole/006.png,hole,826,0.016462053571428572,5.829256369184351,5.091148758194349,-0.738107610990002,7.823479652404785,7.006818771362305,-0.8166608810424805,1.836226022600705,1.468328799104437,3.9930303465836454,3.6228199590899117,-0.3702103874937337,3.1745854254522494,3.4673083857645115,0.9757762725276865,0.957064685953718,0.9579293895704694,0.0008647036167513944,0.5658897203129635,0.7058463118402638,0.13995659152730033
82,hazelnut/test/hole/007.png,hole,152,0.0030293367346938774,6.07481732180244,7.234201603814175,1.159384282011735,6.470189094543457,7.896012306213379,1.4258232116699219,1.726862889894012,1.3457023973971267,4.347954431908429,5.888499206417048,1.5405447745086196,3.5178341936430684,5.3757811666284105,0.965382096039619,0.9991209482606244,0.9992210317994731,0.00010008353884871646,0.9944379767886852,0.9950319899080022,0.0005940131193170606
83,hazelnut/test/hole/008.png,hole,345,0.006875797193877551,5.5646028712175895,5.032016046496405,-0.532586824721184,6.366331577301025,5.84766149520874,-0.5186700820922852,1.6817300092002125,1.348372762145228,3.882872862017377,3.6836432843511773,-0.19922957766619964,3.308856261573147,3.7319176030303307,0.9830703982945811,0.9968827971878282,0.9963449211959612,-0.0005378759918670539,0.9883133493623907,0.9865873221537105,-0.001726027208680203
84,hazelnut/test/hole/009.png,hole,563,0.011220503826530613,6.597738257521635,5.935511208766307,-0.6622270487553275,7.380158424377441,6.708086967468262,-0.6720714569091797,1.7441443069669136,1.3982528629400868,4.853593950554721,4.537258345826221,-0.31633560472850064,3.7827937924443735,4.244948368126915,0.9843142729563505,0.9986504783256867,0.9982651513120075,-0.00038532701367910427,0.9948086645341874,0.9936734123179127,-0.0011352522162746403
85,hazelnut/test/hole/010.png,hole,928,0.018494897959183673,6.290941530774379,5.53582564972598,-0.7551158810483996,8.22418212890625,6.861724376678467,-1.3624577522277832,1.8088848935821427,1.438187266273643,4.482056637192237,4.097638383452336,-0.38441825373990035,3.47780091098909,3.849168866631226,0.9796385069944087,0.9776656429947794,0.980649901238769,0.0029842582439896237,0.9251749545929399,0.9355256800399098,0.01035072544696991
86,hazelnut/test/hole/011.png,hole,846,0.01686065051020408,5.932726101672396,5.336289368340873,-0.5964367333315224,7.890049934387207,7.058390140533447,-0.8316597938537598,1.7629574782589061,1.3561583895652356,4.169768623413489,3.9801309787756374,-0.18963764463785182,3.365212249776748,3.9348570265834577,0.9858522957966865,0.9755406609321408,0.9789531734701261,0.003412512537985357,0.5464794637359804,0.543545499386588,-0.002933964349392415
87,hazelnut/test/hole/012.png,hole,1042,0.02076690051020408,6.543674490044533,5.740281855762577,-0.8033926342819564,8.124789237976074,6.873247146606445,-1.251542091369629,1.903892219262536,1.5810696606432888,4.639782270781997,4.159212195119288,-0.48057007566270915,3.4369983887949265,3.6306318428923823,0.9884462311114374,0.9941896722246585,0.9930289543882775,-0.0011607178363809423,0.9704648875378127,0.9701121823097808,-0.00035270522803187987
88,hazelnut/test/hole/013.png,hole,1519,0.0302734375,5.416074775723425,5.342847074781146,-0.07322770094227948,6.085364818572998,6.2699079513549805,0.18454313278198242,1.750522604680611,1.367876161707013,3.665552171042814,3.9749709130741326,0.3094187420313186,3.0939759139594813,3.905943552750893,0.9768452508327056,0.9958934911404322,0.9965095784151378,0.0006160872747055235,0.9860631140992145,0.9880825075190902,0.0020193934198756702
89,hazelnut/test/hole/014.png,hole,1727,0.03441884566326531,5.558539929387193,4.667706458846061,-0.890833470541132,7.498554706573486,6.0976715087890625,-1.4008831977844238,1.6701021552640722,1.3165639310053483,3.8884377741231204,3.3511425278407123,-0.5372952462824081,3.3282634309925134,3.54537014794392,0.9834735151318573,0.9700133282064535,0.9675611349408986,-0.002452193265554903,0.9020348586977177,0.8917757555716803,-0.010259103126037394
90,hazelnut/test/hole/015.png,hole,417,0.008310746173469387,6.17569740327428,5.917698389048771,-0.2579990142255095,6.831202507019043,6.586999893188477,-0.2442026138305664,1.6748996747569276,1.2637017760980194,4.500797728517353,4.653996612950751,0.15319888443339824,3.68720437190994,4.682828259782206,0.9777419816004361,0.9996831249403901,0.9993202728759335,-0.0003628520644566313,0.9980670219747753,0.9969500474300516,-0.0011169745447237034
91,hazelnut/test/hole/016.png,hole,1923,0.03832509566326531,4.798847596098592,4.168108473236959,-0.630739122861633,6.326322555541992,5.451485633850098,-0.8748369216918945,1.6191589833849973,1.2868228729445954,3.179688612713595,2.8812856002923635,-0.2984030124212316,2.963790242553063,3.239069308504915,0.9841753483138879,0.9739412277670308,0.9751091434244483,0.0011679156574174732,0.9251443135047018,0.929485238321241,0.004340924816539138
92,hazelnut/test/hole/017.png,hole,1675,0.03338249362244898,5.732101865028268,5.833307264811957,0.10120539978368903,6.6426310539245605,6.800535678863525,0.15790462493896484,1.720826757812974,1.3838708531896846,4.011275107215294,4.449436411622273,0.43816130440697876,3.3310162333326843,4.215210726757316,0.9821393832027969,0.9944294239817182,0.9941543842610415,-0.00027503972067666194,0.8865836989691245,0.8806245318778996,-0.005959167091224904
93,hazelnut/test/print/000.png,print,2476,0.04934630102040816,7.622140430479712,7.644519389349733,0.022378958870020504,9.924683570861816,10.31928825378418,0.3946046829223633,1.8890355896215645,1.4959378765682754,5.7331048408581475,6.148581512781457,0.41547667192330984,4.034937442341505,5.110185061218238,0.9884208027328336,0.9889669887524004,0.9888755871883711,-9.140156402931421e-05,0.9613210710472825,0.959744463855831,-0.0015766071914514734
94,hazelnut/test/print/001.png,print,1674,0.0333625637755102,7.066072859359614,6.972462351889024,-0.09361050747058997,8.501190185546875,9.629157066345215,1.1279668807983398,1.8584544975520247,1.49532161236994,5.207618361807589,5.477140739519084,0.26952237771149434,3.802123145154814,4.662851318545678,0.9835670387734746,0.9881987277914416,0.9873290399238115,-0.0008696878676300868,0.9135671668804063,0.9126222194759334,-0.0009449474044729289
95,hazelnut/test/print/002.png,print,1232,0.024553571428571428,7.388337963200235,8.047425421414438,0.659087458214203,9.494011878967285,10.527185440063477,1.0331735610961914,2.0711328397267814,1.804985829293801,5.317205123473453,6.242439592120637,0.9252344686471838,3.5672931361442206,4.458442438056694,0.9909466363077424,0.9834844795456669,0.9835749785469108,9.049900124391552e-05,0.9051020972199599,0.9041548158769949,-0.0009472813429650673
96,hazelnut/test/print/003.png,print,1152,0.02295918367346939,5.35423062576188,5.230423558503389,-0.12380706725849056,6.538083076477051,6.766698837280273,0.22861576080322266,1.7811212750302516,1.3001361833441536,3.5731093507316283,3.930287375159236,0.3571780244276077,3.0061011009320184,4.0229813041968585,0.9720907050447812,0.9933188017603622,0.9955013530787642,0.0021825513184019485,0.9773396137039455,0.9846054592119656,0.007265845508020119
97,hazelnut/test/print/004.png,print,2003,0.039919483418367346,6.832069391021119,7.048861469558282,0.21679207853716242,7.9586687088012695,8.434443473815918,0.47577476501464844,1.8691710444800254,1.4752405360071958,4.962898346541094,5.573620933551085,0.6107225870099917,3.6551333336761034,4.778109940387307,0.9818649866310558,0.9952937759615533,0.9941513010205697,-0.0011424749409836288,0.9840568964777426,0.9802599603939673,-0.003796936083775293
98,hazelnut/test/print/005.png,print,1064,0.021205357142857144,5.335054082193769,5.126954526381385,-0.20809955581238349,7.306407928466797,7.521801471710205,0.2153935432434082,1.6308281843491792,1.2766751046895515,3.7042258978445894,3.850279421691834,0.14605352384724446,3.27137716492363,4.0158647314017335,0.9835342446570051,0.959024617431141,0.9519417199079716,-0.007082897523169374,0.879633120868627,0.8636660326474133,-0.015967088221213732
99,hazelnut/test/print/006.png,print,1964,0.039142219387755105,8.100192165908892,7.628541312246847,-0.4716508536620445,9.647504806518555,9.540130615234375,-0.10737419128417969,1.7545640333871282,1.439392737850626,6.345628132521764,6.189148574396222,-0.15647955812554226,4.616640949986725,5.299833125209574,0.99054122730856,0.9905154031168855,0.9920263912458603,0.0015109881289748772,0.9682220382831677,0.9735170920536583,0.005295053770490665
100,hazelnut/test/print/007.png,print,1322,0.026347257653061226,6.070468349103307,6.3278042469370925,0.2573358978337854,7.3234100341796875,7.635025501251221,0.3116154670715332,1.8314698298197936,1.5419241286673602,4.238998519283514,4.785880118269732,0.5468815989862188,3.3145336331860884,4.1038363232606185,0.9757670721899825,0.9898846230334517,0.9843205668784827,-0.0055640561549690215,0.9005020905301575,0.9203727770490099,0.019870686518852376
101,hazelnut/test/print/008.png,print,1791,0.03569435586734694,9.403754023983783,10.125694604774615,0.7219405807908323,13.542778968811035,14.78316593170166,1.240386962890625,2.013214214004009,1.6683922606297943,7.390539809979774,8.457302344144821,1.066762534165047,4.6710151153170125,6.069133047256111,0.9916984292500408,0.9879618431334333,0.9882077767386298,0.0002459336051965355,0.9509915845573101,0.9529215844700695,0.0019299999127593281
102,hazelnut/test/print/009.png,print,1921,0.03828523596938776,6.126392877579728,5.40697571587153,-0.7194171617081979,7.309781551361084,6.7199225425720215,-0.5898590087890625,1.7360425935846056,1.2722705143353208,4.390350283995122,4.134705201536209,-0.25564508245891293,3.528941571030158,4.249863260170205,0.9864226814106161,0.9960868026557896,0.9960181279275556,-6.867472823401943e-05,0.9867142556858515,0.9865409507048464,-0.00017330498100509573
103,hazelnut/test/print/010.png,print,1574,0.031369579081632654,7.620080108412339,7.3100556921322735,-0.31002441628006583,9.880142211914062,9.223652839660645,-0.656489372253418,2.0022663719497427,1.6429382210351275,5.617813736462597,5.667117471097146,0.049303734634549734,3.805727457227457,4.449379531463209,0.9861672441471594,0.9883425977889438,0.9851049381363665,-0.003237659652577385,0.910875881735457,0.9291889105233336,0.018313028787876662
104,hazelnut/test/print/011.png,print,3157,0.06291852678571429,6.863323198151732,6.668292900033491,-0.19503029811824035,8.113398551940918,8.478275299072266,0.36487674713134766,1.7409923664474252,1.3731840652043843,5.122330831704307,5.295108834829107,0.17277800312480007,3.942190287805028,4.856080891851148,0.9898772817662314,0.9929781080486114,0.99447117607913,0.0014930680305186295,0.9764957857016129,0.9814555228168511,0.0049597371152382275
105,hazelnut/test/print/012.png,print,1253,0.024972098214285716,6.747396128327963,6.053204661450763,-0.6941914668772,9.85669994354248,8.598003387451172,-1.2586965560913086,1.7853163190484058,1.466126323036393,4.962079809279556,4.587078338414369,-0.375001470865187,3.7793841104440262,4.1287060782827965,0.984968669509256,0.982562317294573,0.9796590629191899,-0.0029032543753830797,0.8740775819529238,0.8851579669721554,0.011080385019231587
106,hazelnut/test/print/013.png,print,1252,0.024952168367346938,5.959973038195041,5.2755140599351344,-0.6844589782599062,7.136301517486572,6.538603782653809,-0.5976977348327637,1.619357185420153,1.2600579002302397,4.340615852774888,4.015456159704895,-0.3251596930699927,3.6804561043453092,4.186723529903812,0.982778279662301,0.9972571724338434,0.9965727960926812,-0.0006843763411621406,0.9905879206356794,0.9883295766644733,-0.002258343971206056
107,hazelnut/test/print/014.png,print,1393,0.027762276785714284,6.038467099319151,6.094772898200939,0.05630579888178833,7.235970497131348,7.391544818878174,0.15557432174682617,1.7395272689115844,1.3497386386651733,4.2989398304075666,4.745034259535766,0.4460944291281992,3.4713264961332837,4.515520800551711,0.9827321784999387,0.9812061469932647,0.9861644192804329,0.004958272287168164,0.780672192601082,0.8071231743229457,0.026450981721863664
108,hazelnut/test/print/015.png,print,993,0.01979033801020408,3.8947637823053,3.5084580388314053,-0.38630574347389457,5.390226364135742,5.124382972717285,-0.26584339141845703,1.6760074289535043,1.3399703361290476,2.2187563533517958,2.1684877027023575,-0.05026865064943831,2.323834438333715,2.6183102298867,0.9781517041338783,0.9606926831967071,0.9449314794681654,-0.01576120372854173,0.9485024586239914,0.949464349507316,0.0009618908833245454
109,hazelnut/test/print/016.png,print,2931,0.05841438137755102,6.402484568098388,6.264758791869836,-0.1377257762285522,7.268916130065918,7.4121785163879395,0.14326238632202148,1.6292434235977387,1.2880041243278018,4.773241144500649,4.976754667542034,0.20351352304138448,3.929728655255365,4.863927586520237,0.9895996249959621,0.9952071562037924,0.9954239749754279,0.00021681877163548524,0.9839132324360084,0.9846273560358754,0.0007141235998670004
