sample,subtype,defect_type,nn_distance_unit,feature_grid,defect_occupancy_sum,bicubic_per_image_aupro,swinir_per_image_aupro,delta_per_image_aupro,bicubic_pixel_auroc,swinir_pixel_auroc,delta_pixel_auroc,bicubic_map_roi_bg_gap,swinir_map_roi_bg_gap,delta_map_roi_bg_gap,bicubic_d_defect,swinir_d_defect,delta_d_defect,bicubic_d_background,swinir_d_background,delta_d_background,bicubic_feature_gap,swinir_feature_gap,delta_feature_gap,bicubic_map_validation_max_abs,swinir_map_validation_max_abs
hazelnut/test/crack/013.png,geometry_candidate,crack,faiss_indexflatl2_squared_l2,28x28,15.921875,0.9066091119133326,0.8304634102047256,-0.07614570170860702,0.9548040412782476,0.9588611986312986,0.004057157353051011,2.033699807340965,2.4571562868040067,0.42345647946304155,3.752810896554335,3.899364800869658,0.146553904315323,1.625908071623212,1.3102239828418016,-0.3156840887814103,2.126902824931123,2.5891408180278566,0.46223799309673375,0.0,0.0
hazelnut/test/crack/015.png,geometry_candidate,crack,faiss_indexflatl2_squared_l2,28x28,54.28125,0.6464277893993923,0.6090106791834029,-0.03741711021598937,0.9674378666219337,0.9745079576684685,0.007070091046534888,2.9044881841556807,3.231780290826608,0.3272921066709271,4.819679687952405,4.803885663042964,-0.015794024909441262,1.834735946202757,1.4678072536697704,-0.36692869253298666,2.984943741749648,3.3360784093731937,0.35113466762354584,0.0,0.0
hazelnut/test/print/005.png,geometry_candidate,print,faiss_indexflatl2_squared_l2,28x28,16.625,0.879633120868627,0.8636660326474133,-0.015967088221213732,0.959024617431141,0.9519417199079716,-0.007082897523169374,3.7042258978445894,3.850279421691834,0.14605352384724446,5.491100642914162,5.373468515568209,-0.11763212734595285,1.6274474731270703,1.27133443635573,-0.3561130367713403,3.863653169787092,4.10213407921248,0.23848090942538747,0.0,0.0
hazelnut/test/crack/001.png,suppression,crack,faiss_indexflatl2_squared_l2,28x28,64.90625,0.9828502505772343,0.9604967280969592,-0.022353522480275112,0.9948779939183385,0.9881823386177723,-0.006695655300566261,3.860740026286172,3.660755900713455,-0.19998412557271728,5.777715619619385,5.214366744330254,-0.5633488752891305,1.8043035752800949,1.438525732780683,-0.3657778424994118,3.97341204433929,3.7758410115495713,-0.19757103278971888,0.0,0.0
hazelnut/test/crack/017.png,suppression,crack,faiss_indexflatl2_squared_l2,28x28,179.140625,0.94674709943243,0.9333694048827853,-0.013377694549644659,0.9840348357075849,0.9800315448809315,-0.004003290826653405,3.068174194898047,3.0658576559471262,-0.0023165389509207657,4.5844628851017575,4.217090325536449,-0.36737255956530834,1.4526420257821417,1.081811045070462,-0.37083098071167964,3.1318208593196157,3.135279280465987,0.0034584211463712933,0.0,0.0
hazelnut/test/hole/014.png,suppression,hole,faiss_indexflatl2_squared_l2,28x28,26.984375,0.9020348586977177,0.8917757555716803,-0.010259103126037394,0.9700133282064535,0.9675611349408986,-0.002452193265554903,3.8884377741231204,3.3511425278407123,-0.5372952462824081,5.705994465203387,4.799817274675662,-0.9061771905277256,1.6648460299526466,1.3118547447330726,-0.352991285219574,4.041148435250741,3.487962529942589,-0.553185905308152,0.0,0.0
hazelnut/test/crack/006.png,success_control,crack,faiss_indexflatl2_squared_l2,28x28,41.8125,0.48079465086853274,0.6931167705405464,0.2123221196720137,0.9839989654629848,0.9854911611989615,0.001492195735976698,3.084649907186347,3.4809613246586855,0.39631141747233833,4.779461969709183,4.913161169431313,0.1336991997221304,1.5988280648080926,1.3018963694522256,-0.29693169535586694,3.1806339049010903,3.6112647999790877,0.43063089507799734,0.0,0.0
hazelnut/test/cut/003.png,success_control,cut,faiss_indexflatl2_squared_l2,28x28,5.484375,0.8706049520901503,0.9760612285449215,0.10545627645477118,0.9613915942265164,0.9930962356852974,0.031704641458780936,1.8840655534686308,3.0749851718365533,1.1909196183679225,3.716936812441573,4.707876623865546,0.9909398114239725,1.6624811666883899,1.3570197313369008,-0.30546143535148906,2.0544556457531833,3.350856892528645,1.2964012467754618,0.0,0.0
hazelnut/test/hole/006.png,success_control,hole,faiss_indexflatl2_squared_l2,28x28,12.90625,0.5658897203129635,0.7058463118402638,0.13995659152730033,0.957064685953718,0.9579293895704694,0.0008647036167513944,3.9930303465836454,3.6228199590899117,-0.3702103874937337,6.032943120591577,5.311801790325174,-0.7211413302664029,1.8328167974284597,1.4646356009470776,-0.36818119648138214,4.200126323163118,3.847166189378097,-0.3529601337850208,0.0,0.0
