sample,defect_type,regression_type,delta_per_image_aupro,delta_per_image_pixel_auroc,delta_roi_mean,delta_roi_bg_gap,defect_area_ratio
hazelnut/test/crack/000.png,crack,suppression,-0.0005282688895158483,-0.0006101977322515717,-0.7111905471426274,-0.30920320441403826,0.08250956632653061
hazelnut/test/crack/001.png,crack,suppression,-0.022353522480275112,-0.006695655300566261,-0.5655621911794109,-0.19998412557271728,0.08278858418367346
hazelnut/test/crack/002.png,crack,geometry_candidate,-0.007525162711845668,0.008069110084389375,0.05397899427275732,0.3580701222203788,0.01650191326530612
hazelnut/test/crack/003.png,crack,improvement_or_tie,0.05378237578231981,0.01846891396486028,-0.12588077170194012,0.18506894947659758,0.028081154336734693
hazelnut/test/crack/004.png,crack,geometry_candidate,-0.0021616841950045096,-0.0006560112142356411,0.07467760429575865,0.40893442221046783,0.03535554846938776
hazelnut/test/crack/005.png,crack,improvement_or_tie,0.060983127219164546,0.018318700683150446,0.06139129617104011,0.37844011243901177,0.020268654336734693
hazelnut/test/crack/006.png,crack,improvement_or_tie,0.2123221196720137,0.001492195735976698,0.10121005662175353,0.39631141747233833,0.05333227040816327
hazelnut/test/crack/007.png,crack,improvement_or_tie,0.003368731747980913,0.0010253269353696082,-0.1750882753572789,0.18025129927357808,0.29239078443877553
hazelnut/test/crack/008.png,crack,improvement_or_tie,0.0034585742258533836,0.0010382303096811984,0.028037235793917148,0.3822096942901556,0.18233816964285715
hazelnut/test/crack/009.png,crack,geometry_candidate,-0.012427090392777118,-0.0037191471753718064,-0.2719739421744878,0.09680320574760648,0.3137157206632653
hazelnut/test/crack/010.png,crack,improvement_or_tie,0.019836146630382023,0.005947515815110993,-0.4709662969577231,-0.04141340228923118,0.36104910714285715
hazelnut/test/crack/011.png,crack,suppression,-0.007267968880893205,-0.0029377156741778876,-0.28532509659693783,-0.010065136000400265,0.0999282525510204
hazelnut/test/crack/012.png,crack,improvement_or_tie,0.10183297912234837,0.011897458256013627,-0.12482740846777807,0.18777429884789099,0.02060746173469388
hazelnut/test/crack/013.png,crack,geometry_candidate,-0.07614570170860702,0.004057157353051011,0.10855998433724245,0.42345647946304155,0.020308514030612245
hazelnut/test/crack/014.png,crack,improvement_or_tie,0.00948943678448022,0.002813073525652743,0.3821510564460775,0.7210406741365798,0.02867904974489796
hazelnut/test/crack/015.png,crack,geometry_candidate,-0.03741711021598937,0.007070091046534888,-0.037985814599107215,0.3272921066709271,0.06923628826530612
hazelnut/test/crack/016.png,crack,improvement_or_tie,0.05252835949141843,-0.01459558437686026,-0.39668918868242686,-0.03266645083239483,0.03762755102040816
hazelnut/test/crack/017.png,crack,suppression,-0.013377694549644659,-0.004003290826653405,-0.37182796580584565,-0.0023165389509207657,0.22849569515306123
hazelnut/test/cut/000.png,cut,suppression,-0.004359331897180518,-0.001367663085014792,-0.460098677572109,-0.032264696341450794,0.005121970663265306
hazelnut/test/cut/001.png,cut,improvement_or_tie,0.04869090327565495,0.014648821896191655,-0.1483633316606432,0.1743239462628985,0.020268654336734693
hazelnut/test/cut/002.png,cut,improvement_or_tie,0.004010319390378103,0.0011723880589628033,-0.20882458874744714,0.17429957429789145,0.008091517857142858
hazelnut/test/cut/003.png,cut,improvement_or_tie,0.10545627645477118,0.031704641458780936,0.886196067190578,1.1909196183679225,0.006995376275510204
hazelnut/test/cut/004.png,cut,improvement_or_tie,0.052117857014457036,0.013029374402702909,0.35324105393114724,0.7296205472968085,0.01385124362244898
hazelnut/test/cut/005.png,cut,improvement_or_tie,0.0010137706258844803,0.0002751452575848745,0.4301698575101449,0.7873770993294009,0.008151307397959183
hazelnut/test/cut/006.png,cut,improvement_or_tie,0.03513610063958361,0.013404487096670525,-0.04364170147491997,0.3320446547956655,0.01327327806122449
hazelnut/test/cut/007.png,cut,improvement_or_tie,0.001324190735099262,0.0003522554260166899,-0.19974918519297002,0.17888792476778548,0.008649553571428572
hazelnut/test/cut/008.png,cut,improvement_or_tie,0.06658431792031194,0.020485555290529867,0.17380263436644938,0.5303117105716506,0.0262874681122449
hazelnut/test/cut/009.png,cut,geometry_candidate,-0.0029779928047699578,-0.0008608346155575264,-0.361700097185258,0.012397016184696241,0.013333067602040817
hazelnut/test/cut/010.png,cut,geometry_candidate,-0.007944479741665011,-0.002427957772408229,-0.24449917508933083,0.14333797516396807,0.007553411989795918
hazelnut/test/cut/011.png,cut,geometry_candidate,-0.007983068432516283,-0.002368509461746826,0.459559238072738,0.8371306798095484,0.00821109693877551
hazelnut/test/cut/012.png,cut,geometry_candidate,-0.0013181402971440548,-0.00037928170993650756,-0.21530651741654339,0.16193741682050256,0.01092155612244898
hazelnut/test/cut/013.png,cut,improvement_or_tie,0.03182854222640896,0.0006303850919677778,-0.07853589996631793,0.28825203887462925,0.013970822704081632
hazelnut/test/cut/014.png,cut,improvement_or_tie,0.02024854835710066,0.006053348914275558,-0.41021324580735685,-0.02500988892253364,0.00759327168367347
hazelnut/test/cut/015.png,cut,improvement_or_tie,0.006654085077129723,0.0019810796006489717,-0.2450069646284172,0.10744930934355601,0.011379942602040817
hazelnut/test/cut/016.png,cut,improvement_or_tie,0.005660224930387314,0.001832340915052133,-0.26313625524929307,0.1432647050581224,0.010144292091836735
hazelnut/test/hole/000.png,hole,improvement_or_tie,0.0008910910489265955,0.0002993202478752677,-0.37638064221064926,-0.012277924018434305,0.01779735331632653
hazelnut/test/hole/001.png,hole,improvement_or_tie,0.0010288309444828059,0.00020748638816436848,0.01262277364730835,0.35642231992498274,0.0052614795918367345
hazelnut/test/hole/002.png,hole,improvement_or_tie,0.0003749861958667333,1.0255025238548043e-05,-1.036775028312599,-0.6051366861854186,0.009068080357142858
hazelnut/test/hole/003.png,hole,improvement_or_tie,0.007110321813298182,0.00013386632178846725,-0.26728525798614733,0.07866014271369881,0.011639030612244899
hazelnut/test/hole/004.png,hole,suppression,-0.0006365952083645654,-0.00023904781065553493,-0.4464842055294964,-0.08776431521201378,0.014748086734693877
hazelnut/test/hole/005.png,hole,suppression,-0.0022629340065360992,-0.0006974298316567706,-0.47407852414318974,-0.12575088772642085,0.01558514030612245
hazelnut/test/hole/006.png,hole,improvement_or_tie,0.13995659152730033,0.0008647036167513944,-0.738107610990002,-0.3702103874937337,0.016462053571428572
hazelnut/test/hole/007.png,hole,improvement_or_tie,0.0005940131193170606,0.00010008353884871646,1.159384282011735,1.5405447745086196,0.0030293367346938774
hazelnut/test/hole/008.png,hole,suppression,-0.001726027208680203,-0.0005378759918670539,-0.532586824721184,-0.19922957766619964,0.006875797193877551
hazelnut/test/hole/009.png,hole,suppression,-0.0011352522162746403,-0.00038532701367910427,-0.6622270487553275,-0.31633560472850064,0.011220503826530613
hazelnut/test/hole/010.png,hole,improvement_or_tie,0.01035072544696991,0.0029842582439896237,-0.7551158810483996,-0.38441825373990035,0.018494897959183673
hazelnut/test/hole/011.png,hole,suppression,-0.002933964349392415,0.003412512537985357,-0.5964367333315224,-0.18963764463785182,0.01686065051020408
hazelnut/test/hole/012.png,hole,suppression,-0.00035270522803187987,-0.0011607178363809423,-0.8033926342819564,-0.48057007566270915,0.02076690051020408
hazelnut/test/hole/013.png,hole,improvement_or_tie,0.0020193934198756702,0.0006160872747055235,-0.07322770094227948,0.3094187420313186,0.0302734375
hazelnut/test/hole/014.png,hole,suppression,-0.010259103126037394,-0.002452193265554903,-0.890833470541132,-0.5372952462824081,0.03441884566326531
hazelnut/test/hole/015.png,hole,geometry_candidate,-0.0011169745447237034,-0.0003628520644566313,-0.2579990142255095,0.15319888443339824,0.008310746173469387
hazelnut/test/hole/016.png,hole,improvement_or_tie,0.004340924816539138,0.0011679156574174732,-0.630739122861633,-0.2984030124212316,0.03832509566326531
hazelnut/test/hole/017.png,hole,geometry_candidate,-0.005959167091224904,-0.00027503972067666194,0.10120539978368903,0.43816130440697876,0.03338249362244898
hazelnut/test/print/000.png,print,geometry_candidate,-0.0015766071914514734,-9.140156402931421e-05,0.022378958870020504,0.41547667192330984,0.04934630102040816
hazelnut/test/print/001.png,print,geometry_candidate,-0.0009449474044729289,-0.0008696878676300868,-0.09361050747058997,0.26952237771149434,0.0333625637755102
hazelnut/test/print/002.png,print,geometry_candidate,-0.0009472813429650673,9.049900124391552e-05,0.659087458214203,0.9252344686471838,0.024553571428571428
hazelnut/test/print/003.png,print,improvement_or_tie,0.007265845508020119,0.0021825513184019485,-0.12380706725849056,0.3571780244276077,0.02295918367346939
hazelnut/test/print/004.png,print,geometry_candidate,-0.003796936083775293,-0.0011424749409836288,0.21679207853716242,0.6107225870099917,0.039919483418367346
hazelnut/test/print/005.png,print,geometry_candidate,-0.015967088221213732,-0.007082897523169374,-0.20809955581238349,0.14605352384724446,0.021205357142857144
hazelnut/test/print/006.png,print,improvement_or_tie,0.005295053770490665,0.0015109881289748772,-0.4716508536620445,-0.15647955812554226,0.039142219387755105
hazelnut/test/print/007.png,print,improvement_or_tie,0.019870686518852376,-0.0055640561549690215,0.2573358978337854,0.5468815989862188,0.026347257653061226
hazelnut/test/print/008.png,print,improvement_or_tie,0.0019299999127593281,0.0002459336051965355,0.7219405807908323,1.066762534165047,0.03569435586734694
hazelnut/test/print/009.png,print,suppression,-0.00017330498100509573,-6.867472823401943e-05,-0.7194171617081979,-0.25564508245891293,0.03828523596938776
hazelnut/test/print/010.png,print,improvement_or_tie,0.018313028787876662,-0.003237659652577385,-0.31002441628006583,0.049303734634549734,0.031369579081632654
hazelnut/test/print/011.png,print,improvement_or_tie,0.0049597371152382275,0.0014930680305186295,-0.19503029811824035,0.17277800312480007,0.06291852678571429
hazelnut/test/print/012.png,print,improvement_or_tie,0.011080385019231587,-0.0029032543753830797,-0.6941914668772,-0.375001470865187,0.024972098214285716
hazelnut/test/print/013.png,print,suppression,-0.002258343971206056,-0.0006843763411621406,-0.6844589782599062,-0.3251596930699927,0.024952168367346938
hazelnut/test/print/014.png,print,improvement_or_tie,0.026450981721863664,0.004958272287168164,0.05630579888178833,0.4460944291281992,0.027762276785714284
hazelnut/test/print/015.png,print,improvement_or_tie,0.0009618908833245454,-0.01576120372854173,-0.38630574347389457,-0.05026865064943831,0.01979033801020408
hazelnut/test/print/016.png,print,improvement_or_tie,0.0007141235998670004,0.00021681877163548524,-0.1377257762285522,0.20351352304138448,0.05841438137755102
