selection_group,rank,sample,defect_type,regression_type,delta_per_image_aupro,delta_per_image_pixel_auroc,delta_roi_mean,delta_roi_bg_gap,defect_area_ratio
worst,1,hazelnut/test/crack/013.png,crack,geometry_candidate,-0.07614570170860702,0.004057157353051011,0.10855998433724245,0.42345647946304155,0.020308514030612245
worst,2,hazelnut/test/crack/015.png,crack,geometry_candidate,-0.03741711021598937,0.007070091046534888,-0.037985814599107215,0.3272921066709271,0.06923628826530612
worst,3,hazelnut/test/crack/001.png,crack,suppression,-0.022353522480275112,-0.006695655300566261,-0.5655621911794109,-0.19998412557271728,0.08278858418367346
worst,4,hazelnut/test/print/005.png,print,geometry_candidate,-0.015967088221213732,-0.007082897523169374,-0.20809955581238349,0.14605352384724446,0.021205357142857144
worst,5,hazelnut/test/crack/017.png,crack,suppression,-0.013377694549644659,-0.004003290826653405,-0.37182796580584565,-0.0023165389509207657,0.22849569515306123
worst,6,hazelnut/test/crack/009.png,crack,geometry_candidate,-0.012427090392777118,-0.0037191471753718064,-0.2719739421744878,0.09680320574760648,0.3137157206632653
worst,7,hazelnut/test/hole/014.png,hole,suppression,-0.010259103126037394,-0.002452193265554903,-0.890833470541132,-0.5372952462824081,0.03441884566326531
worst,8,hazelnut/test/cut/011.png,cut,geometry_candidate,-0.007983068432516283,-0.002368509461746826,0.459559238072738,0.8371306798095484,0.00821109693877551
worst,9,hazelnut/test/cut/010.png,cut,geometry_candidate,-0.007944479741665011,-0.002427957772408229,-0.24449917508933083,0.14333797516396807,0.007553411989795918
worst,10,hazelnut/test/crack/002.png,crack,geometry_candidate,-0.007525162711845668,0.008069110084389375,0.05397899427275732,0.3580701222203788,0.01650191326530612
best,1,hazelnut/test/crack/006.png,crack,improvement_or_tie,0.2123221196720137,0.001492195735976698,0.10121005662175353,0.39631141747233833,0.05333227040816327
best,2,hazelnut/test/hole/006.png,hole,improvement_or_tie,0.13995659152730033,0.0008647036167513944,-0.738107610990002,-0.3702103874937337,0.016462053571428572
best,3,hazelnut/test/cut/003.png,cut,improvement_or_tie,0.10545627645477118,0.031704641458780936,0.886196067190578,1.1909196183679225,0.006995376275510204
best,4,hazelnut/test/crack/012.png,crack,improvement_or_tie,0.10183297912234837,0.011897458256013627,-0.12482740846777807,0.18777429884789099,0.02060746173469388
best,5,hazelnut/test/cut/008.png,cut,improvement_or_tie,0.06658431792031194,0.020485555290529867,0.17380263436644938,0.5303117105716506,0.0262874681122449
best,6,hazelnut/test/crack/005.png,crack,improvement_or_tie,0.060983127219164546,0.018318700683150446,0.06139129617104011,0.37844011243901177,0.020268654336734693
best,7,hazelnut/test/crack/003.png,crack,improvement_or_tie,0.05378237578231981,0.01846891396486028,-0.12588077170194012,0.18506894947659758,0.028081154336734693
best,8,hazelnut/test/crack/016.png,crack,improvement_or_tie,0.05252835949141843,-0.01459558437686026,-0.39668918868242686,-0.03266645083239483,0.03762755102040816
best,9,hazelnut/test/cut/004.png,cut,improvement_or_tie,0.052117857014457036,0.013029374402702909,0.35324105393114724,0.7296205472968085,0.01385124362244898
best,10,hazelnut/test/cut/001.png,cut,improvement_or_tie,0.04869090327565495,0.014648821896191655,-0.1483633316606432,0.1743239462628985,0.020268654336734693
