sample,defect_type,label,method,per_image_au_pro,delta_au_pro_vs_full,delta_au_pro_vs_bicubic,delta_au_pro_vs_uniform,protected_fraction,image_score_raw,psnr,ssim,detector_seconds,restoration_seconds,composition_seconds_pair,selection_detector_seconds,inference_seconds
hazelnut/test/good/000.png,good,0,bicubic,,,,,0.0004982461734693878,3.8894786834716797,38.06359193623224,0.9294619238514245,3.9092014000052586,0.0,0.0,0.0,3.9092014000052586
hazelnut/test/good/000.png,good,0,full_swinir,,,,,0.0004982461734693878,3.7818336486816406,40.31584678831673,0.9524704868239523,3.824600499938242,1.1719794999808073,0.0,0.0,4.996579999919049
hazelnut/test/good/000.png,good,0,partial,,,,,0.0004982461734693878,3.7779712677001953,40.28535804510138,0.9522909577726845,3.832015899941325,1.1719794999808073,0.006787799997255206,3.9092014000052586,8.919984599924646
hazelnut/test/good/000.png,good,0,uniform,,,,,0.0004982461734693878,3.7818336486816406,40.31584678831673,0.9524704868239523,3.793882199912332,1.1719794999808073,0.006787799997255206,3.9092014000052586,8.881850899895653
hazelnut/test/good/001.png,good,0,bicubic,,,,,0.002291932397959184,3.9147396087646484,38.54471574606794,0.9396255052635825,3.786819100030698,0.0,0.0,0.0,3.786819100030698
hazelnut/test/good/001.png,good,0,full_swinir,,,,,0.002291932397959184,3.269350051879883,40.72812629116609,0.9599391260601992,3.863950900034979,0.9999427000293508,0.0,0.0,4.86389360006433
hazelnut/test/good/001.png,good,0,partial,,,,,0.002291932397959184,3.2651443481445312,40.72196560502475,0.9598692032368978,3.8298758000601083,0.9999427000293508,0.006634799996390939,3.786819100030698,8.623272400116548
hazelnut/test/good/001.png,good,0,uniform,,,,,0.002291932397959184,3.269350051879883,40.72812629116609,0.9599391260601992,3.840318200062029,0.9999427000293508,0.006634799996390939,3.786819100030698,8.633714800118469
hazelnut/test/crack/000.png,crack,1,bicubic,0.1951087330529296,0.000159022478702614,0.0,0.0003594736803950449,0.15790417729591838,7.766233444213867,34.14475317348253,0.9275888106607909,3.8623440000228584,0.0,0.0,0.0,3.8623440000228584
hazelnut/test/crack/000.png,crack,1,full_swinir,0.194949710574227,0.0,-0.000159022478702614,0.00020045120169243091,0.15790417729591838,6.899259567260742,36.75811878488461,0.9535681854238517,3.7467563999816775,0.9065193000715226,0.0,0.0,4.6532757000532
hazelnut/test/crack/000.png,crack,1,partial,0.19431972384841492,-0.0006299867258120762,-0.0007890092045146901,-0.00042953552411964524,0.15790417729591838,7.5159149169921875,34.87072822393069,0.9404400029221813,3.8484765000175685,0.9065193000715226,0.006269400008022785,3.8623440000228584,8.623609200119972
hazelnut/test/crack/000.png,crack,1,uniform,0.19474925937253457,-0.00020045120169243091,-0.0003594736803950449,0.0,0.15790417729591838,6.783506393432617,36.77621314547969,0.9529665464703934,3.9513496999861673,0.9065193000715226,0.006269400008022785,3.8623440000228584,8.726482400088571
hazelnut/test/crack/001.png,crack,1,bicubic,0.9824895957144163,0.021141868952294307,0.0,0.015806410533696247,0.17785395408163265,8.074026107788086,34.692016847264945,0.916552312937268,3.8546803999925032,0.0,0.0,0.0,3.8546803999925032
hazelnut/test/crack/001.png,crack,1,full_swinir,0.961347726762122,0.0,-0.021141868952294307,-0.00533545841859806,0.17785395408163265,6.999414443969727,37.24505952024117,0.9446952878190201,3.812814300064929,1.0411288000177592,0.0,0.0,4.853943100082688
hazelnut/test/crack/001.png,crack,1,partial,0.9813062582442184,0.019958531482096364,-0.0011833374701979427,0.014623073063498304,0.17785395408163265,7.616701126098633,35.36010385922878,0.9326658209121378,3.8177854999667034,1.0411288000177592,0.00666730001103133,3.8546803999925032,8.720261999987997
hazelnut/test/crack/001.png,crack,1,uniform,0.96668318518072,0.00533545841859806,-0.015806410533696247,0.0,0.17785395408163265,7.009647369384766,37.11319801836489,0.9430351742096175,3.814466300071217,1.0411288000177592,0.00666730001103133,3.8546803999925032,8.71694280009251
hazelnut/test/cut/000.png,cut,1,bicubic,0.9911518137982754,0.004475863090164678,0.0,0.00435959172146827,0.03306361607142857,5.765388488769531,38.24584419563037,0.9371908907646779,3.8549681999720633,0.0,0.0,0.0,3.8549681999720633
hazelnut/test/cut/000.png,cut,1,full_swinir,0.9866759507081108,0.0,-0.004475863090164678,-0.00011627136869640786,0.03306361607142857,5.752452850341797,41.60765732857185,0.9643321462850469,3.8710775000508875,0.8677249000174925,0.0,0.0,4.73880240006838
hazelnut/test/cut/000.png,cut,1,partial,0.9902264495980245,0.003550498889913767,-0.000925364200250911,0.003434227521217359,0.03306361607142857,5.493770599365234,40.661971391705755,0.9611954762085962,3.7968884999863803,0.8677249000174925,0.0069584999000653625,3.8549681999720633,8.526540099876001
hazelnut/test/cut/000.png,cut,1,uniform,0.9867922220768072,0.00011627136869640786,-0.00435959172146827,0.0,0.03306361607142857,5.743389129638672,41.60768945215652,0.9643288852801276,3.828432200010866,0.8677249000174925,0.0069584999000653625,3.8549681999720633,8.558083799900487
hazelnut/test/cut/001.png,cut,1,bicubic,0.8989400225437076,-0.05606570807437983,0.0,-0.055574138448412636,0.039540816326530615,5.060564041137695,36.16315770803669,0.9206851906180052,3.844603699981235,0.0,0.0,0.0,3.844603699981235
hazelnut/test/cut/001.png,cut,1,full_swinir,0.9550057306180875,0.0,0.05606570807437983,0.000491569625967192,0.039540816326530615,4.8712310791015625,38.86471469142188,0.9533886875276028,3.7695930000627413,0.9420710999984294,0.0,0.0,4.711664100061171
hazelnut/test/cut/001.png,cut,1,partial,0.9474321706153664,-0.007573560002721025,0.0484921480716588,-0.007081990376753833,0.039540816326530615,4.383419036865234,37.988120019328655,0.947913559828092,4.053910200018436,0.9420710999984294,0.006470399908721447,3.844603699981235,8.847055399906822
hazelnut/test/cut/001.png,cut,1,uniform,0.9545141609921203,-0.000491569625967192,0.055574138448412636,0.0,0.039540816326530615,4.837850570678711,38.87176143404407,0.9533792550795379,3.9311972999712452,0.9420710999984294,0.006470399908721447,3.844603699981235,8.724342499859631
hazelnut/test/hole/000.png,hole,1,bicubic,0.9868213579520168,-0.0007944078594699366,0.0,-0.0006942027206913171,0.0868343431122449,8.160152435302734,35.07547008589509,0.9162438161411718,4.192045800038613,0.0,0.0,0.0,4.192045800038613
hazelnut/test/hole/000.png,hole,1,full_swinir,0.9876157658114867,0.0,0.0007944078594699366,0.00010020513877861958,0.0868343431122449,7.555242538452148,38.03066115862905,0.9464334385327303,4.002329899929464,0.9359776000492275,0.0,0.0,4.938307499978691
hazelnut/test/hole/000.png,hole,1,partial,0.986628597499869,-0.0009871683116177143,-0.0001927604521477777,-0.0008869631728390948,0.0868343431122449,7.991947174072266,36.01395982821951,0.9376330844363435,4.025694699957967,0.9359776000492275,0.005932900006882846,4.192045800038613,9.15965100005269
hazelnut/test/hole/000.png,hole,1,uniform,0.9875155606727081,-0.00010020513877861958,0.0006942027206913171,0.0,0.0868343431122449,7.482175827026367,38.00357828651957,0.9461515153098548,4.394190400023945,0.9359776000492275,0.005932900006882846,4.192045800038613,9.528146700118668
hazelnut/test/hole/001.png,hole,1,bicubic,0.996700253051431,-0.0012814219693327855,0.0,-0.0011573399486127789,0.04079639668367347,8.038755416870117,38.144532590140074,0.9375499968493215,4.126060099923052,0.0,0.0,0.0,4.126060099923052
hazelnut/test/hole/001.png,hole,1,full_swinir,0.9979816750207637,0.0,0.0012814219693327855,0.00012408202072000662,0.04079639668367347,7.697778701782227,40.11243521485088,0.9570345175355571,4.056817599921487,0.9075326999882236,0.0,0.0,4.964350299909711
hazelnut/test/hole/001.png,hole,1,partial,0.9966358720641257,-0.001345802956637998,-6.438098730521258e-05,-0.0012217209359179915,0.04079639668367347,7.701747894287109,39.989883605080166,0.9557360359810092,4.00413789995946,0.9075326999882236,0.0059374000411480665,4.126060099923052,9.043668099911883
hazelnut/test/hole/001.png,hole,1,uniform,0.9978575930000437,-0.00012408202072000662,0.0011573399486127789,0.0,0.04079639668367347,7.685905456542969,40.139575796474304,0.9570590268542535,4.336262200027704,0.9075326999882236,0.0059374000411480665,4.126060099923052,9.375792399980128
hazelnut/test/print/000.png,print,1,bicubic,0.961423588649938,0.0015927790382200824,0.0,0.0016856328665735276,0.14885602678571427,10.850885391235352,30.296505921761458,0.929524875898788,3.9540425000013784,0.0,0.0,0.0,3.9540425000013784
hazelnut/test/print/000.png,print,1,full_swinir,0.959830809611718,0.0,-0.0015927790382200824,9.285382835344524e-05,0.14885602678571427,11.033594131469727,32.48470320702519,0.9533492550346928,3.8181602000258863,0.9936876000138,0.0,0.0,4.811847800039686
hazelnut/test/print/000.png,print,1,partial,0.9616758117334973,0.0018450021217792933,0.00025222308355921097,0.0019378559501327386,0.14885602678571427,10.607234954833984,30.452280823304516,0.941012189933183,3.8179247999796644,0.9936876000138,0.006770999985747039,3.9540425000013784,8.77242589998059
hazelnut/test/print/000.png,print,1,uniform,0.9597379557833645,-9.285382835344524e-05,-0.0016856328665735276,0.0,0.14885602678571427,10.983163833618164,32.613219244639296,0.9532229630566765,3.7969075000146404,0.9936876000138,0.006770999985747039,3.9540425000013784,8.751408600015566
hazelnut/test/print/001.png,print,1,bicubic,0.9119769045701875,-0.0009517049512294262,0.0,-0.00036503076277660806,0.13135762117346939,8.72037124633789,30.80907370423461,0.9426579217577711,3.8623118000105023,0.0,0.0,0.0,3.8623118000105023
hazelnut/test/print/001.png,print,1,full_swinir,0.912928609521417,0.0,0.0009517049512294262,0.0005866741884528182,0.13135762117346939,10.321416854858398,32.56040131409933,0.963269065860996,3.8612401999998838,0.9645270999753848,0.0,0.0,4.8257672999752685
hazelnut/test/print/001.png,print,1,partial,0.9048199128577991,-0.00810869666361791,-0.007156991712388483,-0.007522022475165091,0.13135762117346939,8.339071273803711,30.948282780587633,0.9535997210975876,4.023848899989389,0.9645270999753848,0.006321700057014823,3.8623118000105023,8.85700950003229
hazelnut/test/print/001.png,print,1,uniform,0.9123419353329641,-0.0005866741884528182,0.00036503076277660806,0.0,0.13135762117346939,10.000785827636719,32.65353013603424,0.9632013601330586,3.83709419996012,0.9645270999753848,0.006321700057014823,3.8623118000105023,8.670254800003022
