study_family,dataset,variant,degradation_protocol,train_count,test_count,psnr,ssim,lpips,image_auroc,pixel_auroc,aupro,source_artifact,notes
historical_recovery,hazelnut,clean,none,391,110,,,,1.0,0.9868803567894165,0.8749999999131869,analysis/thesis_synthesis/sources/hazelnut_summary.csv,Branch A category-specific bank; LPIPS not measured; Clean quality not applicable
historical_recovery,hazelnut,bicubic_x4,Pillow bicubic x4 224->56->224,391,110,36.465447219098785,0.9317332653323386,,0.9982142857142857,0.9839332525593953,0.8189099068966527,analysis/thesis_synthesis/sources/hazelnut_summary.csv,Branch A category-specific bank; LPIPS not measured; do not mix with MATLAB-Bicubic
historical_recovery,hazelnut,swinir_x4,Pillow bicubic x4 224->56->224,391,110,38.77893678313329,0.9542249223059122,,0.9982142857142857,0.9850919108713959,0.843461191379646,analysis/thesis_synthesis/sources/hazelnut_summary.csv,Branch A category-specific bank; LPIPS not measured; do not mix with MATLAB-Bicubic
historical_recovery,screw,clean,none,320,160,,,,0.9842180774748924,0.9938375359060566,0.9572317607605667,analysis/thesis_synthesis/sources/screw_summary.csv,Branch A category-specific bank; LPIPS not measured; Clean quality not applicable
historical_recovery,screw,bicubic_x4,Pillow bicubic x4 224->56->224,320,160,35.50724932547937,0.9519950565189739,,0.4800163968026235,0.9511120578865331,0.8013972577776528,analysis/thesis_synthesis/sources/screw_summary.csv,Branch A category-specific bank; LPIPS not measured; do not mix with MATLAB-Bicubic
historical_recovery,screw,swinir_x4,Pillow bicubic x4 224->56->224,320,160,37.944728010179894,0.9684210860245486,,0.6786226685796269,0.9706022823821995,0.8563971404327416,analysis/thesis_synthesis/sources/screw_summary.csv,Branch A category-specific bank; LPIPS not measured; do not mix with MATLAB-Bicubic
endpoint_full110,hazelnut,bicubic_x4,BasicSR MATLAB-compatible bicubic x4 224->56->224,391,110,36.48300326258048,0.9321788805330182,0.17211688567291605,0.9982142857142857,0.9840601483537625,0.8203407025011096,analysis/restoration_objective_full/derived/analysis_summary.json,Frozen reused 391-normal bank; no fit; no Clean fifth endpoint; F1/threshold absent
endpoint_full110,hazelnut,swinir_x4,BasicSR MATLAB-compatible bicubic x4 224->56->224,391,110,38.79502326049746,0.9544089195310369,0.09243962480263276,0.9982142857142857,0.9849749631192865,0.8427470063788147,analysis/restoration_objective_full/derived/analysis_summary.json,Frozen reused 391-normal bank; no fit; no Clean fifth endpoint; F1/threshold absent
endpoint_full110,hazelnut,rrdb_psnr_x4,BasicSR MATLAB-compatible bicubic x4 224->56->224,391,110,38.86066286986179,0.9552139624148429,0.088818090476773,0.9989285714285714,0.9845862091698752,0.8452849771577416,analysis/restoration_objective_full/derived/analysis_summary.json,Frozen reused 391-normal bank; no fit; no Clean fifth endpoint; F1/threshold absent
endpoint_full110,hazelnut,rrdb_esrgan_x4,BasicSR MATLAB-compatible bicubic x4 224->56->224,391,110,36.164361700053384,0.920652644624396,0.04468500607393005,1.0,0.9851029107149624,0.8520753975392702,analysis/restoration_objective_full/derived/analysis_summary.json,Frozen reused 391-normal bank; no fit; no Clean fifth endpoint; F1/threshold absent
